timestamp,value,quality
2026-04-01T00:00:00+00:00,0.943970,0
2026-04-01T01:00:00+00:00,0.447998,0
2026-04-01T02:00:00+00:00,0.230957,0
2026-04-01T03:00:00+00:00,0.220093,0
2026-04-01T04:00:00+00:00,0.000000,0
2026-04-01T05:00:00+00:00,0.000000,0
2026-04-01T06:00:00+00:00,0.000000,0
2026-04-01T07:00:00+00:00,0.000000,0
2026-04-01T08:00:00+00:00,0.000000,0
2026-04-01T09:00:00+00:00,0.000000,0
2026-04-01T10:00:00+00:00,0.000000,0
2026-04-01T11:00:00+00:00,0.000000,0
2026-04-01T12:00:00+00:00,0.000000,0
2026-04-01T13:00:00+00:00,0.000000,0
2026-04-01T14:00:00+00:00,0.000000,0
2026-04-01T15:00:00+00:00,0.000000,0
2026-04-01T16:00:00+00:00,0.000000,0
2026-04-01T17:00:00+00:00,0.000000,0
2026-04-01T18:00:00+00:00,0.000000,0
2026-04-01T19:00:00+00:00,0.000000,0
2026-04-01T20:00:00+00:00,0.597900,0
2026-04-01T21:00:00+00:00,0.515991,0
2026-04-01T22:00:00+00:00,0.401001,0
2026-04-01T23:00:00+00:00,0.310059,0
2026-04-02T00:00:00+00:00,0.536011,0
2026-04-02T01:00:00+00:00,0.895996,0
2026-04-02T02:00:00+00:00,0.819946,0
2026-04-02T03:00:00+00:00,0.309082,0
2026-04-02T04:00:00+00:00,0.000000,0
2026-04-02T05:00:00+00:00,0.000000,0
2026-04-02T06:00:00+00:00,0.000000,0
2026-04-02T07:00:00+00:00,0.000000,0
2026-04-02T08:00:00+00:00,0.000000,0
2026-04-02T09:00:00+00:00,0.000000,0
2026-04-02T10:00:00+00:00,0.000000,0
2026-04-02T11:00:00+00:00,0.000000,0
2026-04-02T12:00:00+00:00,0.000000,0
2026-04-02T13:00:00+00:00,0.000000,0
2026-04-02T14:00:00+00:00,0.000000,0
2026-04-02T15:00:00+00:00,0.000000,0
2026-04-02T16:00:00+00:00,0.000000,0
2026-04-02T17:00:00+00:00,0.000000,0
2026-04-02T18:00:00+00:00,0.000000,0
2026-04-02T19:00:00+00:00,0.000000,0
2026-04-02T20:00:00+00:00,1.591919,0
2026-04-02T21:00:00+00:00,0.451050,0
2026-04-02T22:00:00+00:00,0.258057,0
2026-04-02T23:00:00+00:00,0.966919,0
2026-04-03T00:00:00+00:00,0.995972,0
2026-04-03T01:00:00+00:00,0.952026,0
2026-04-03T02:00:00+00:00,0.911987,0
2026-04-03T03:00:00+00:00,0.283081,0
2026-04-03T04:00:00+00:00,0.000000,0
2026-04-03T05:00:00+00:00,0.000000,0
2026-04-03T06:00:00+00:00,0.000000,0
2026-04-03T07:00:00+00:00,0.000000,0
2026-04-03T08:00:00+00:00,0.000000,0
2026-04-03T09:00:00+00:00,0.000000,0
2026-04-03T10:00:00+00:00,0.000000,0
2026-04-03T11:00:00+00:00,0.000000,0
2026-04-03T12:00:00+00:00,0.000000,0
2026-04-03T13:00:00+00:00,0.000000,0
2026-04-03T14:00:00+00:00,0.000000,0
2026-04-03T15:00:00+00:00,0.000000,0
2026-04-03T16:00:00+00:00,0.000000,0
2026-04-03T17:00:00+00:00,0.000000,0
2026-04-03T18:00:00+00:00,0.000000,0
2026-04-03T19:00:00+00:00,0.000000,0
2026-04-03T20:00:00+00:00,0.354004,0
2026-04-03T21:00:00+00:00,0.691895,0
2026-04-03T22:00:00+00:00,0.859009,0
2026-04-03T23:00:00+00:00,0.515015,0
2026-04-04T00:00:00+00:00,0.213989,0
2026-04-04T01:00:00+00:00,0.232056,0
2026-04-04T02:00:00+00:00,0.468994,0
2026-04-04T03:00:00+00:00,0.265991,0
2026-04-04T04:00:00+00:00,0.198975,0
2026-04-04T05:00:00+00:00,0.014038,0
2026-04-04T06:00:00+00:00,0.000000,0
2026-04-04T07:00:00+00:00,0.000000,0
2026-04-04T08:00:00+00:00,0.011963,0
2026-04-04T09:00:00+00:00,0.000000,0
2026-04-04T10:00:00+00:00,0.000000,0
2026-04-04T11:00:00+00:00,0.000000,0
2026-04-04T12:00:00+00:00,0.000000,0
2026-04-04T13:00:00+00:00,0.000000,0
2026-04-04T14:00:00+00:00,0.000000,0
2026-04-04T15:00:00+00:00,0.089966,0
2026-04-04T16:00:00+00:00,0.066040,0
2026-04-04T17:00:00+00:00,0.223022,0
2026-04-04T18:00:00+00:00,0.224976,0
2026-04-04T19:00:00+00:00,0.231079,0
2026-04-04T20:00:00+00:00,0.227905,0
2026-04-04T21:00:00+00:00,0.217041,0
2026-04-04T22:00:00+00:00,0.517944,0
2026-04-04T23:00:00+00:00,0.832031,0
2026-04-05T00:00:00+00:00,0.286011,0
2026-04-05T01:00:00+00:00,0.203003,0
2026-04-05T02:00:00+00:00,0.199951,0
2026-04-05T03:00:00+00:00,0.486084,0
2026-04-05T04:00:00+00:00,0.830933,0
2026-04-05T05:00:00+00:00,0.352051,0
2026-04-05T06:00:00+00:00,0.000000,0
2026-04-05T07:00:00+00:00,0.000000,0
2026-04-05T08:00:00+00:00,0.000000,0
2026-04-05T09:00:00+00:00,0.051025,0
2026-04-05T10:00:00+00:00,0.046997,0
2026-04-05T11:00:00+00:00,0.000000,0
2026-04-05T12:00:00+00:00,0.000000,0
2026-04-05T13:00:00+00:00,0.000000,0
2026-04-05T14:00:00+00:00,0.000000,0
2026-04-05T15:00:00+00:00,0.000000,0
2026-04-05T16:00:00+00:00,0.114990,0
2026-04-05T17:00:00+00:00,0.216919,0
2026-04-05T18:00:00+00:00,0.229004,0
2026-04-05T19:00:00+00:00,0.223022,0
2026-04-05T20:00:00+00:00,0.222046,0
2026-04-05T21:00:00+00:00,0.219971,0
2026-04-05T22:00:00+00:00,0.203979,0
2026-04-05T23:00:00+00:00,0.362061,0
2026-04-06T00:00:00+00:00,0.813965,0
2026-04-06T01:00:00+00:00,0.239990,0
2026-04-06T02:00:00+00:00,0.213013,0
2026-04-06T03:00:00+00:00,0.218994,0
2026-04-06T04:00:00+00:00,0.098022,0
2026-04-06T05:00:00+00:00,0.697998,0
2026-04-06T06:00:00+00:00,0.072021,0
2026-04-06T07:00:00+00:00,0.000000,0
2026-04-06T08:00:00+00:00,0.000000,0
2026-04-06T09:00:00+00:00,0.000000,0
2026-04-06T10:00:00+00:00,0.000000,0
2026-04-06T11:00:00+00:00,0.000000,0
2026-04-06T12:00:00+00:00,0.000000,0
2026-04-06T13:00:00+00:00,0.000000,0
2026-04-06T14:00:00+00:00,0.000000,0
2026-04-06T15:00:00+00:00,0.000977,0
2026-04-06T16:00:00+00:00,0.142944,0
2026-04-06T17:00:00+00:00,0.204102,0
2026-04-06T18:00:00+00:00,0.234985,0
2026-04-06T19:00:00+00:00,0.223999,0
2026-04-06T20:00:00+00:00,0.223999,0
2026-04-06T21:00:00+00:00,0.203003,0
2026-04-06T22:00:00+00:00,0.205933,0
2026-04-06T23:00:00+00:00,0.228027,0
2026-04-07T00:00:00+00:00,0.218994,0
2026-04-07T01:00:00+00:00,0.203003,0
2026-04-07T02:00:00+00:00,0.453003,0
2026-04-07T03:00:00+00:00,0.287964,0
2026-04-07T04:00:00+00:00,0.000000,0
2026-04-07T05:00:00+00:00,0.000000,0
2026-04-07T06:00:00+00:00,0.000000,0
2026-04-07T07:00:00+00:00,0.000000,0
2026-04-07T08:00:00+00:00,0.000000,0
2026-04-07T09:00:00+00:00,0.000000,0
2026-04-07T10:00:00+00:00,0.000000,0
2026-04-07T11:00:00+00:00,0.000000,0
2026-04-07T12:00:00+00:00,0.000000,0
2026-04-07T13:00:00+00:00,0.000000,0
2026-04-07T14:00:00+00:00,0.000000,0
2026-04-07T15:00:00+00:00,0.000000,0
2026-04-07T16:00:00+00:00,0.000000,0
2026-04-07T17:00:00+00:00,0.000000,0
2026-04-07T18:00:00+00:00,0.000000,0
2026-04-07T19:00:00+00:00,0.000000,0
2026-04-07T20:00:00+00:00,0.503052,0
2026-04-07T21:00:00+00:00,0.343018,0
2026-04-07T22:00:00+00:00,0.242920,0
2026-04-07T23:00:00+00:00,0.221069,0
2026-04-08T00:00:00+00:00,0.234985,0
2026-04-08T01:00:00+00:00,0.239014,0
2026-04-08T02:00:00+00:00,0.204956,0
2026-04-08T03:00:00+00:00,0.385010,0
2026-04-08T04:00:00+00:00,0.000977,0
2026-04-08T05:00:00+00:00,0.000000,0
2026-04-08T06:00:00+00:00,0.000000,0
2026-04-08T07:00:00+00:00,0.000000,0
2026-04-08T08:00:00+00:00,0.000000,0
2026-04-08T09:00:00+00:00,0.000000,0
2026-04-08T10:00:00+00:00,0.000000,0
2026-04-08T11:00:00+00:00,0.000000,0
2026-04-08T12:00:00+00:00,0.000000,0
2026-04-08T13:00:00+00:00,0.000000,0
2026-04-08T14:00:00+00:00,0.000000,0
2026-04-08T15:00:00+00:00,0.000000,0
2026-04-08T16:00:00+00:00,0.000000,0
2026-04-08T17:00:00+00:00,0.000000,0
2026-04-08T18:00:00+00:00,0.000000,0
2026-04-08T19:00:00+00:00,0.000000,0
2026-04-08T20:00:00+00:00,0.590088,0
2026-04-08T21:00:00+00:00,0.435913,0
2026-04-08T22:00:00+00:00,0.362061,0
2026-04-08T23:00:00+00:00,0.298950,0
2026-04-09T00:00:00+00:00,0.285034,0
2026-04-09T01:00:00+00:00,0.241943,0
2026-04-09T02:00:00+00:00,0.222046,0
2026-04-09T03:00:00+00:00,0.232056,0
2026-04-09T04:00:00+00:00,0.000000,0
2026-04-09T05:00:00+00:00,0.000000,0
2026-04-09T06:00:00+00:00,0.000000,0
2026-04-09T07:00:00+00:00,0.000000,0
2026-04-09T08:00:00+00:00,0.000000,0
2026-04-09T09:00:00+00:00,0.000000,0
2026-04-09T10:00:00+00:00,0.000000,0
2026-04-09T11:00:00+00:00,0.000000,0
2026-04-09T12:00:00+00:00,0.000000,0
2026-04-09T13:00:00+00:00,0.000000,0
2026-04-09T14:00:00+00:00,0.000000,0
2026-04-09T15:00:00+00:00,0.000000,0
2026-04-09T16:00:00+00:00,0.000000,0
2026-04-09T17:00:00+00:00,0.000000,0
2026-04-09T18:00:00+00:00,0.000000,0
2026-04-09T19:00:00+00:00,0.000000,0
2026-04-09T20:00:00+00:00,0.300903,0
2026-04-09T21:00:00+00:00,0.210083,0
2026-04-09T22:00:00+00:00,0.198975,0
2026-04-09T23:00:00+00:00,0.208984,0
2026-04-10T00:00:00+00:00,0.234985,0
2026-04-10T01:00:00+00:00,0.203979,0
2026-04-10T02:00:00+00:00,0.199097,0
2026-04-10T03:00:00+00:00,0.225952,0
2026-04-10T04:00:00+00:00,0.000000,0
2026-04-10T05:00:00+00:00,0.000000,0
2026-04-10T06:00:00+00:00,0.000000,0
2026-04-10T07:00:00+00:00,0.000000,0
2026-04-10T08:00:00+00:00,0.000000,0
2026-04-10T09:00:00+00:00,0.000000,0
2026-04-10T10:00:00+00:00,0.000000,0
2026-04-10T11:00:00+00:00,0.000000,0
2026-04-10T12:00:00+00:00,0.000000,0
2026-04-10T13:00:00+00:00,0.000000,0
2026-04-10T14:00:00+00:00,0.000000,0
2026-04-10T15:00:00+00:00,0.000000,0
2026-04-10T16:00:00+00:00,0.000000,0
2026-04-10T17:00:00+00:00,0.000000,0
2026-04-10T18:00:00+00:00,0.000000,0
2026-04-10T19:00:00+00:00,0.000000,0
2026-04-10T20:00:00+00:00,0.486938,0
2026-04-10T21:00:00+00:00,0.295044,0
2026-04-10T22:00:00+00:00,0.233032,0
2026-04-10T23:00:00+00:00,0.215942,0
2026-04-11T00:00:00+00:00,0.208008,0
2026-04-11T01:00:00+00:00,0.946045,0
2026-04-11T02:00:00+00:00,0.867920,0
2026-04-11T03:00:00+00:00,0.857056,0
2026-04-11T04:00:00+00:00,0.613037,0
2026-04-11T05:00:00+00:00,0.323975,0
2026-04-11T06:00:00+00:00,0.218018,0
2026-04-11T07:00:00+00:00,0.340942,0
2026-04-11T08:00:00+00:00,0.000000,0
2026-04-11T09:00:00+00:00,0.000000,0
2026-04-11T10:00:00+00:00,0.000000,0
2026-04-11T11:00:00+00:00,0.000000,0
2026-04-11T12:00:00+00:00,0.000000,0
2026-04-11T13:00:00+00:00,0.009033,0
2026-04-11T14:00:00+00:00,0.098999,0
2026-04-11T15:00:00+00:00,0.474976,0
2026-04-11T16:00:00+00:00,0.520996,0
2026-04-11T17:00:00+00:00,0.544067,0
2026-04-11T18:00:00+00:00,0.367920,0
2026-04-11T19:00:00+00:00,0.286987,0
2026-04-11T20:00:00+00:00,0.275024,0
2026-04-11T21:00:00+00:00,0.265991,0
2026-04-11T22:00:00+00:00,0.228027,0
2026-04-11T23:00:00+00:00,0.206055,0
2026-04-12T00:00:00+00:00,0.198975,0
2026-04-12T01:00:00+00:00,0.791992,0
2026-04-12T02:00:00+00:00,0.270996,0
2026-04-12T03:00:00+00:00,0.762939,0
2026-04-12T04:00:00+00:00,0.768066,0
2026-04-12T05:00:00+00:00,0.214966,0
2026-04-12T06:00:00+00:00,0.000000,0
2026-04-12T07:00:00+00:00,0.000000,0
2026-04-12T08:00:00+00:00,0.000000,0
2026-04-12T09:00:00+00:00,0.067993,0
2026-04-12T10:00:00+00:00,0.440063,0
2026-04-12T11:00:00+00:00,0.000000,0
2026-04-12T12:00:00+00:00,0.000000,0
2026-04-12T13:00:00+00:00,0.000977,0
2026-04-12T14:00:00+00:00,0.000000,0
2026-04-12T15:00:00+00:00,0.001953,0
2026-04-12T16:00:00+00:00,0.123047,0
2026-04-12T17:00:00+00:00,0.269043,0
2026-04-12T18:00:00+00:00,0.224976,0
2026-04-12T19:00:00+00:00,0.381958,0
2026-04-12T20:00:00+00:00,0.508057,0
2026-04-12T21:00:00+00:00,0.289917,0
2026-04-12T22:00:00+00:00,0.213989,0
2026-04-12T23:00:00+00:00,0.235107,0
2026-04-13T00:00:00+00:00,0.196899,0
2026-04-13T01:00:00+00:00,0.229980,0
2026-04-13T02:00:00+00:00,0.210083,0
2026-04-13T03:00:00+00:00,0.234985,0
2026-04-13T04:00:00+00:00,0.000000,0
2026-04-13T05:00:00+00:00,0.000000,0
2026-04-13T06:00:00+00:00,0.000000,0
2026-04-13T07:00:00+00:00,0.000000,0
2026-04-13T08:00:00+00:00,0.000000,0
2026-04-13T09:00:00+00:00,0.000000,0
2026-04-13T10:00:00+00:00,0.000000,0
2026-04-13T11:00:00+00:00,0.000000,0
2026-04-13T12:00:00+00:00,0.000000,0
2026-04-13T13:00:00+00:00,0.000000,0
2026-04-13T14:00:00+00:00,0.000000,0
2026-04-13T15:00:00+00:00,0.000000,0
2026-04-13T16:00:00+00:00,0.000000,0
2026-04-13T17:00:00+00:00,0.000000,0
2026-04-13T18:00:00+00:00,0.000000,0
2026-04-13T19:00:00+00:00,0.000000,0
2026-04-13T20:00:00+00:00,0.250977,0
2026-04-13T21:00:00+00:00,0.425049,0
2026-04-13T22:00:00+00:00,0.783936,0
2026-04-13T23:00:00+00:00,0.842041,0
2026-04-14T00:00:00+00:00,0.884033,0
2026-04-14T01:00:00+00:00,0.341919,0
2026-04-14T02:00:00+00:00,0.237061,0
2026-04-14T03:00:00+00:00,0.433960,0
2026-04-14T04:00:00+00:00,0.000977,0
2026-04-14T05:00:00+00:00,0.000000,0
2026-04-14T06:00:00+00:00,0.000000,0
2026-04-14T07:00:00+00:00,0.000000,0
2026-04-14T08:00:00+00:00,0.000000,0
2026-04-14T09:00:00+00:00,0.000000,0
2026-04-14T10:00:00+00:00,0.000000,0
2026-04-14T11:00:00+00:00,0.000000,0
2026-04-14T12:00:00+00:00,0.000000,0
2026-04-14T13:00:00+00:00,0.000000,0
2026-04-14T14:00:00+00:00,0.000000,0
2026-04-14T15:00:00+00:00,0.000000,0
2026-04-14T16:00:00+00:00,0.000000,0
2026-04-14T17:00:00+00:00,0.000000,0
2026-04-14T18:00:00+00:00,0.000000,0
2026-04-14T19:00:00+00:00,0.000000,0
2026-04-14T20:00:00+00:00,0.517090,0
2026-04-14T21:00:00+00:00,0.510010,0
2026-04-14T22:00:00+00:00,0.223999,0
2026-04-14T23:00:00+00:00,0.207886,0
2026-04-15T00:00:00+00:00,0.255005,0
2026-04-15T01:00:00+00:00,0.243042,0
2026-04-15T02:00:00+00:00,0.244995,0
2026-04-15T03:00:00+00:00,0.248047,0
2026-04-15T04:00:00+00:00,0.000000,0
2026-04-15T05:00:00+00:00,0.000000,0
2026-04-15T06:00:00+00:00,0.000000,0
2026-04-15T07:00:00+00:00,0.000000,0
2026-04-15T08:00:00+00:00,0.000000,0
2026-04-15T09:00:00+00:00,0.000000,0
2026-04-15T10:00:00+00:00,0.000000,0
2026-04-15T11:00:00+00:00,0.000000,0
2026-04-15T12:00:00+00:00,0.000000,0
2026-04-15T13:00:00+00:00,0.000000,0
2026-04-15T14:00:00+00:00,0.000000,0
2026-04-15T15:00:00+00:00,0.000000,0
2026-04-15T16:00:00+00:00,0.000000,0
2026-04-15T17:00:00+00:00,0.000000,0
2026-04-15T18:00:00+00:00,0.000000,0
2026-04-15T19:00:00+00:00,0.000000,0
2026-04-15T20:00:00+00:00,1.302979,0
2026-04-15T21:00:00+00:00,0.754028,0
2026-04-15T22:00:00+00:00,0.771973,0
2026-04-15T23:00:00+00:00,0.291016,0
2026-04-16T00:00:00+00:00,0.446141,0
2026-04-16T01:00:00+00:00,0.449727,0
2026-04-16T02:00:00+00:00,0.437550,0
2026-04-16T03:00:00+00:00,0.305396,0
2026-04-16T04:00:00+00:00,0.000000,0
2026-04-16T05:00:00+00:00,0.000000,0
2026-04-16T06:00:00+00:00,0.000000,0
2026-04-16T07:00:00+00:00,0.000000,0
2026-04-16T08:00:00+00:00,0.000000,0
2026-04-16T09:00:00+00:00,0.000000,0
2026-04-16T10:00:00+00:00,0.000000,0
2026-04-16T11:00:00+00:00,0.000000,0
2026-04-16T12:00:00+00:00,0.000000,0
2026-04-16T13:00:00+00:00,0.000000,0
2026-04-16T14:00:00+00:00,0.000000,0
2026-04-16T15:00:00+00:00,0.000000,0
2026-04-16T16:00:00+00:00,0.000000,0
2026-04-16T17:00:00+00:00,0.000000,0
2026-04-16T18:00:00+00:00,0.000000,0
2026-04-16T19:00:00+00:00,0.000000,0
2026-04-16T20:00:00+00:00,0.627974,0
2026-04-16T21:00:00+00:00,0.534219,0
2026-04-16T22:00:00+00:00,0.481552,0
2026-04-16T23:00:00+00:00,0.473110,0
2026-04-17T00:00:00+00:00,0.202026,0
2026-04-17T01:00:00+00:00,0.203979,0
2026-04-17T02:00:00+00:00,0.197998,0
2026-04-17T03:00:00+00:00,0.203003,0
2026-04-17T04:00:00+00:00,0.000000,0
2026-04-17T05:00:00+00:00,0.000000,0
2026-04-17T06:00:00+00:00,0.000000,0
2026-04-17T07:00:00+00:00,0.000000,0
2026-04-17T08:00:00+00:00,0.000000,0
2026-04-17T09:00:00+00:00,0.000000,0
2026-04-17T10:00:00+00:00,0.000000,0
2026-04-17T11:00:00+00:00,0.000000,0
2026-04-17T12:00:00+00:00,0.000000,0
2026-04-17T13:00:00+00:00,0.000000,0
2026-04-17T14:00:00+00:00,0.000000,0
2026-04-17T15:00:00+00:00,0.000000,0
2026-04-17T16:00:00+00:00,0.000000,0
2026-04-17T17:00:00+00:00,0.000000,0
2026-04-17T18:00:00+00:00,0.000000,0
2026-04-17T19:00:00+00:00,0.000000,0
2026-04-17T20:00:00+00:00,0.218018,0
2026-04-17T21:00:00+00:00,0.205933,0
2026-04-17T22:00:00+00:00,0.205078,0
2026-04-17T23:00:00+00:00,0.201904,0
2026-04-18T00:00:00+00:00,1.168091,0
2026-04-18T01:00:00+00:00,0.200928,0
2026-04-18T02:00:00+00:00,0.200073,0
2026-04-18T03:00:00+00:00,0.200928,0
2026-04-18T04:00:00+00:00,0.056030,0
2026-04-18T05:00:00+00:00,0.000000,0
2026-04-18T06:00:00+00:00,0.000000,0
2026-04-18T07:00:00+00:00,0.000000,0
2026-04-18T08:00:00+00:00,0.000000,0
2026-04-18T09:00:00+00:00,0.000000,0
2026-04-18T10:00:00+00:00,0.000000,0
2026-04-18T11:00:00+00:00,0.000000,0
2026-04-18T12:00:00+00:00,0.000000,0
2026-04-18T13:00:00+00:00,0.000000,0
2026-04-18T14:00:00+00:00,0.000000,0
2026-04-18T15:00:00+00:00,0.000000,0
2026-04-18T16:00:00+00:00,0.092041,0
2026-04-18T17:00:00+00:00,0.197998,0
2026-04-18T18:00:00+00:00,0.218018,0
2026-04-18T19:00:00+00:00,0.211914,0
2026-04-18T20:00:00+00:00,0.213013,0
2026-04-18T21:00:00+00:00,0.207031,0
2026-04-18T22:00:00+00:00,0.200928,0
2026-04-18T23:00:00+00:00,0.200073,0
2026-04-19T00:00:00+00:00,0.433826,0
2026-04-19T01:00:00+00:00,0.437313,0
2026-04-19T02:00:00+00:00,0.425472,0
2026-04-19T03:00:00+00:00,0.296966,0
2026-04-19T04:00:00+00:00,0.000000,0
2026-04-19T05:00:00+00:00,0.000000,0
2026-04-19T06:00:00+00:00,0.000000,0
2026-04-19T07:00:00+00:00,0.000000,0
2026-04-19T08:00:00+00:00,0.000000,0
2026-04-19T09:00:00+00:00,0.000000,0
2026-04-19T10:00:00+00:00,0.000000,0
2026-04-19T11:00:00+00:00,0.000000,0
2026-04-19T12:00:00+00:00,0.000000,0
2026-04-19T13:00:00+00:00,0.000000,0
2026-04-19T14:00:00+00:00,0.000000,0
2026-04-19T15:00:00+00:00,0.000000,0
2026-04-19T16:00:00+00:00,0.000000,0
2026-04-19T17:00:00+00:00,0.000000,0
2026-04-19T18:00:00+00:00,0.000000,0
2026-04-19T19:00:00+00:00,0.000000,0
2026-04-19T20:00:00+00:00,0.610640,0
2026-04-19T21:00:00+00:00,0.519472,0
2026-04-19T22:00:00+00:00,0.468259,0
2026-04-19T23:00:00+00:00,0.460050,0
2026-04-20T00:00:00+00:00,0.195068,0
2026-04-20T01:00:00+00:00,0.202026,0
2026-04-20T02:00:00+00:00,0.205933,0
2026-04-20T03:00:00+00:00,0.196045,0
2026-04-20T04:00:00+00:00,0.000000,0
2026-04-20T05:00:00+00:00,0.000000,0
2026-04-20T06:00:00+00:00,0.000000,0
2026-04-20T07:00:00+00:00,0.000000,0
2026-04-20T08:00:00+00:00,0.000000,0
2026-04-20T09:00:00+00:00,0.000000,0
2026-04-20T10:00:00+00:00,0.000000,0
2026-04-20T11:00:00+00:00,0.000000,0
2026-04-20T12:00:00+00:00,0.000000,0
2026-04-20T13:00:00+00:00,0.000000,0
2026-04-20T14:00:00+00:00,0.000000,0
2026-04-20T15:00:00+00:00,0.000000,0
2026-04-20T16:00:00+00:00,0.000000,0
2026-04-20T17:00:00+00:00,0.000000,0
2026-04-20T18:00:00+00:00,0.000000,0
2026-04-20T19:00:00+00:00,0.000000,0
2026-04-20T20:00:00+00:00,0.301025,0
2026-04-20T21:00:00+00:00,0.289917,0
2026-04-20T22:00:00+00:00,0.286011,0
2026-04-20T23:00:00+00:00,0.281006,0
2026-04-21T00:00:00+00:00,0.436951,0
2026-04-21T01:00:00+00:00,0.440463,0
2026-04-21T02:00:00+00:00,0.428537,0
2026-04-21T03:00:00+00:00,0.299105,0
2026-04-21T04:00:00+00:00,0.000000,0
2026-04-21T05:00:00+00:00,0.000000,0
2026-04-21T06:00:00+00:00,0.000000,0
2026-04-21T07:00:00+00:00,0.000000,0
2026-04-21T08:00:00+00:00,0.000000,0
2026-04-21T09:00:00+00:00,0.000000,0
2026-04-21T10:00:00+00:00,0.000000,0
2026-04-21T11:00:00+00:00,0.000000,0
2026-04-21T12:00:00+00:00,0.000000,0
2026-04-21T13:00:00+00:00,0.000000,0
2026-04-21T14:00:00+00:00,0.000000,0
2026-04-21T15:00:00+00:00,0.000000,0
2026-04-21T16:00:00+00:00,0.000000,0
2026-04-21T17:00:00+00:00,0.000000,0
2026-04-21T18:00:00+00:00,0.000000,0
2026-04-21T19:00:00+00:00,0.000000,0
2026-04-21T20:00:00+00:00,0.615039,0
2026-04-21T21:00:00+00:00,0.523215,0
2026-04-21T22:00:00+00:00,0.471632,0
2026-04-21T23:00:00+00:00,0.463365,0
2026-04-22T00:00:00+00:00,0.574949,0
2026-04-22T01:00:00+00:00,0.579570,0
2026-04-22T02:00:00+00:00,0.563878,0
2026-04-22T03:00:00+00:00,0.393569,0
2026-04-22T04:00:00+00:00,0.000000,0
2026-04-22T05:00:00+00:00,0.000000,0
2026-04-22T06:00:00+00:00,0.000000,0
2026-04-22T07:00:00+00:00,0.000000,0
2026-04-22T08:00:00+00:00,0.000000,0
2026-04-22T09:00:00+00:00,0.000000,0
2026-04-22T10:00:00+00:00,0.000000,0
2026-04-22T11:00:00+00:00,0.000000,0
2026-04-22T12:00:00+00:00,0.000000,0
2026-04-22T13:00:00+00:00,0.000000,0
2026-04-22T14:00:00+00:00,0.000000,0
2026-04-22T15:00:00+00:00,0.000000,0
2026-04-22T16:00:00+00:00,0.000000,0
2026-04-22T17:00:00+00:00,0.000000,0
2026-04-22T18:00:00+00:00,0.000000,0
2026-04-22T19:00:00+00:00,0.000000,0
2026-04-22T20:00:00+00:00,0.809280,0
2026-04-22T21:00:00+00:00,0.688456,0
2026-04-22T22:00:00+00:00,0.620583,0
2026-04-22T23:00:00+00:00,0.609704,0
2026-04-23T00:00:00+00:00,0.530248,0
2026-04-23T01:00:00+00:00,0.534509,0
2026-04-23T02:00:00+00:00,0.520037,0
2026-04-23T03:00:00+00:00,0.362969,0
2026-04-23T04:00:00+00:00,0.000000,0
2026-04-23T05:00:00+00:00,0.000000,0
2026-04-23T06:00:00+00:00,0.000000,0
2026-04-23T07:00:00+00:00,0.000000,0
2026-04-23T08:00:00+00:00,0.000000,0
2026-04-23T09:00:00+00:00,0.000000,0
2026-04-23T10:00:00+00:00,0.000000,0
2026-04-23T11:00:00+00:00,0.000000,0
2026-04-23T12:00:00+00:00,0.000000,0
2026-04-23T13:00:00+00:00,0.000000,0
2026-04-23T14:00:00+00:00,0.000000,0
2026-04-23T15:00:00+00:00,0.000000,0
2026-04-23T16:00:00+00:00,0.000000,0
2026-04-23T17:00:00+00:00,0.000000,0
2026-04-23T18:00:00+00:00,0.000000,0
2026-04-23T19:00:00+00:00,0.000000,0
2026-04-23T20:00:00+00:00,0.746360,0
2026-04-23T21:00:00+00:00,0.634930,0
2026-04-23T22:00:00+00:00,0.572334,0
2026-04-23T23:00:00+00:00,0.562300,0
2026-04-24T00:00:00+00:00,0.196045,0
2026-04-24T01:00:00+00:00,0.202026,0
2026-04-24T02:00:00+00:00,0.200928,0
2026-04-24T03:00:00+00:00,0.197998,0
2026-04-24T04:00:00+00:00,0.000000,0
2026-04-24T05:00:00+00:00,0.000000,0
2026-04-24T06:00:00+00:00,0.000000,0
2026-04-24T07:00:00+00:00,0.000000,0
2026-04-24T08:00:00+00:00,0.000000,0
2026-04-24T09:00:00+00:00,0.000000,0
2026-04-24T10:00:00+00:00,0.000000,0
2026-04-24T11:00:00+00:00,0.000000,0
2026-04-24T12:00:00+00:00,0.000000,0
2026-04-24T13:00:00+00:00,0.000000,0
2026-04-24T14:00:00+00:00,0.000000,0
2026-04-24T15:00:00+00:00,0.000000,0
2026-04-24T16:00:00+00:00,0.000000,0
2026-04-24T17:00:00+00:00,0.000000,0
2026-04-24T18:00:00+00:00,0.000000,0
2026-04-24T19:00:00+00:00,0.000000,0
2026-04-24T20:00:00+00:00,0.296997,0
2026-04-24T21:00:00+00:00,0.208008,0
2026-04-24T22:00:00+00:00,0.200073,0
2026-04-24T23:00:00+00:00,0.199951,0
2026-04-25T00:00:00+00:00,0.498712,0
2026-04-25T01:00:00+00:00,0.502720,0
2026-04-25T02:00:00+00:00,0.489108,0
2026-04-25T03:00:00+00:00,0.341382,0
2026-04-25T04:00:00+00:00,0.000000,0
2026-04-25T05:00:00+00:00,0.000000,0
2026-04-25T06:00:00+00:00,0.000000,0
2026-04-25T07:00:00+00:00,0.000000,0
2026-04-25T08:00:00+00:00,0.000000,0
2026-04-25T09:00:00+00:00,0.000000,0
2026-04-25T10:00:00+00:00,0.000000,0
2026-04-25T11:00:00+00:00,0.000000,0
2026-04-25T12:00:00+00:00,0.000000,0
2026-04-25T13:00:00+00:00,0.000000,0
2026-04-25T14:00:00+00:00,0.000000,0
2026-04-25T15:00:00+00:00,0.000000,0
2026-04-25T16:00:00+00:00,0.000000,0
2026-04-25T17:00:00+00:00,0.000000,0
2026-04-25T18:00:00+00:00,0.000000,0
2026-04-25T19:00:00+00:00,0.000000,0
2026-04-25T20:00:00+00:00,0.701971,0
2026-04-25T21:00:00+00:00,0.597168,0
2026-04-25T22:00:00+00:00,0.538295,0
2026-04-25T23:00:00+00:00,0.528858,0
2026-04-26T00:00:00+00:00,0.654162,0
2026-04-26T01:00:00+00:00,0.659420,0
2026-04-26T02:00:00+00:00,0.641565,0
2026-04-26T03:00:00+00:00,0.447792,0
2026-04-26T04:00:00+00:00,0.000000,0
2026-04-26T05:00:00+00:00,0.000000,0
2026-04-26T06:00:00+00:00,0.000000,0
2026-04-26T07:00:00+00:00,0.000000,0
2026-04-26T08:00:00+00:00,0.000000,0
2026-04-26T09:00:00+00:00,0.000000,0
2026-04-26T10:00:00+00:00,0.000000,0
2026-04-26T11:00:00+00:00,0.000000,0
2026-04-26T12:00:00+00:00,0.000000,0
2026-04-26T13:00:00+00:00,0.000000,0
2026-04-26T14:00:00+00:00,0.000000,0
2026-04-26T15:00:00+00:00,0.000000,0
2026-04-26T16:00:00+00:00,0.000000,0
2026-04-26T17:00:00+00:00,0.000000,0
2026-04-26T18:00:00+00:00,0.000000,0
2026-04-26T19:00:00+00:00,0.000000,0
2026-04-26T20:00:00+00:00,0.920778,0
2026-04-26T21:00:00+00:00,0.783308,0
2026-04-26T22:00:00+00:00,0.706083,0
2026-04-26T23:00:00+00:00,0.693705,0
2026-04-27T00:00:00+00:00,0.207031,0
2026-04-27T01:00:00+00:00,0.202026,0
2026-04-27T02:00:00+00:00,0.198975,0
2026-04-27T03:00:00+00:00,0.166992,0
2026-04-27T04:00:00+00:00,0.003052,0
2026-04-27T05:00:00+00:00,0.000000,0
2026-04-27T06:00:00+00:00,0.000000,0
2026-04-27T07:00:00+00:00,0.000000,0
2026-04-27T08:00:00+00:00,0.000000,0
2026-04-27T09:00:00+00:00,0.000000,0
2026-04-27T10:00:00+00:00,0.000000,0
2026-04-27T11:00:00+00:00,0.000000,0
2026-04-27T12:00:00+00:00,0.000000,0
2026-04-27T13:00:00+00:00,0.000000,0
2026-04-27T14:00:00+00:00,0.307983,0
2026-04-27T15:00:00+00:00,0.015991,0
2026-04-27T16:00:00+00:00,0.338013,0
2026-04-27T17:00:00+00:00,0.989014,0
2026-04-27T18:00:00+00:00,0.908936,0
2026-04-27T19:00:00+00:00,1.697998,0
2026-04-27T20:00:00+00:00,1.888062,0
2026-04-27T21:00:00+00:00,0.550903,0
2026-04-27T22:00:00+00:00,0.420044,0
2026-04-27T23:00:00+00:00,0.951050,0
2026-04-28T00:00:00+00:00,0.542455,0
2026-04-28T01:00:00+00:00,0.546815,0
2026-04-28T02:00:00+00:00,0.532009,0
2026-04-28T03:00:00+00:00,0.371326,0
2026-04-28T04:00:00+00:00,0.000000,0
2026-04-28T05:00:00+00:00,0.000000,0
2026-04-28T06:00:00+00:00,0.000000,0
2026-04-28T07:00:00+00:00,0.000000,0
2026-04-28T08:00:00+00:00,0.000000,0
2026-04-28T09:00:00+00:00,0.000000,0
2026-04-28T10:00:00+00:00,0.000000,0
2026-04-28T11:00:00+00:00,0.000000,0
2026-04-28T12:00:00+00:00,0.000000,0
2026-04-28T13:00:00+00:00,0.000000,0
2026-04-28T14:00:00+00:00,0.000000,0
2026-04-28T15:00:00+00:00,0.000000,0
2026-04-28T16:00:00+00:00,0.000000,0
2026-04-28T17:00:00+00:00,0.000000,0
2026-04-28T18:00:00+00:00,0.000000,0
2026-04-28T19:00:00+00:00,0.000000,0
2026-04-28T20:00:00+00:00,0.763543,0
2026-04-28T21:00:00+00:00,0.649547,0
2026-04-28T22:00:00+00:00,0.585510,0
2026-04-28T23:00:00+00:00,0.575246,0
2026-04-29T00:00:00+00:00,0.408818,0
2026-04-29T01:00:00+00:00,0.412104,0
2026-04-29T02:00:00+00:00,0.400946,0
2026-04-29T03:00:00+00:00,0.279847,0
2026-04-29T04:00:00+00:00,0.000000,0
2026-04-29T05:00:00+00:00,0.000000,0
2026-04-29T06:00:00+00:00,0.000000,0
2026-04-29T07:00:00+00:00,0.000000,0
2026-04-29T08:00:00+00:00,0.000000,0
2026-04-29T09:00:00+00:00,0.000000,0
2026-04-29T10:00:00+00:00,0.000000,0
2026-04-29T11:00:00+00:00,0.000000,0
2026-04-29T12:00:00+00:00,0.000000,0
2026-04-29T13:00:00+00:00,0.000000,0
2026-04-29T14:00:00+00:00,0.000000,0
2026-04-29T15:00:00+00:00,0.000000,0
2026-04-29T16:00:00+00:00,0.000000,0
2026-04-29T17:00:00+00:00,0.000000,0
2026-04-29T18:00:00+00:00,0.000000,0
2026-04-29T19:00:00+00:00,0.000000,0
2026-04-29T20:00:00+00:00,0.575439,0
2026-04-29T21:00:00+00:00,0.489527,0
2026-04-29T22:00:00+00:00,0.441266,0
2026-04-29T23:00:00+00:00,0.433531,0
2026-04-30T00:00:00+00:00,0.205933,0
2026-04-30T01:00:00+00:00,0.208984,0
2026-04-30T02:00:00+00:00,0.208984,0
2026-04-30T03:00:00+00:00,0.178101,0
2026-04-30T04:00:00+00:00,0.000000,0
2026-04-30T05:00:00+00:00,0.000000,0
2026-04-30T06:00:00+00:00,0.000000,0
2026-04-30T07:00:00+00:00,0.000000,0
2026-04-30T08:00:00+00:00,0.000000,0
2026-04-30T09:00:00+00:00,0.000000,0
2026-04-30T10:00:00+00:00,0.000000,0
2026-04-30T11:00:00+00:00,0.000000,0
2026-04-30T12:00:00+00:00,0.000000,0
2026-04-30T13:00:00+00:00,0.000000,0
2026-04-30T14:00:00+00:00,0.000000,0
2026-04-30T15:00:00+00:00,0.000000,0
2026-04-30T16:00:00+00:00,0.000000,0
2026-04-30T17:00:00+00:00,0.000000,0
2026-04-30T18:00:00+00:00,0.000000,0
2026-04-30T19:00:00+00:00,0.000000,0
2026-04-30T20:00:00+00:00,0.440918,0
2026-04-30T21:00:00+00:00,0.254028,0
2026-04-30T22:00:00+00:00,0.207031,0
2026-04-30T23:00:00+00:00,0.208984,0
2026-05-01T00:00:00+00:00,0.550950,0
2026-05-01T01:00:00+00:00,0.555378,0
2026-05-01T02:00:00+00:00,0.540340,0
2026-05-01T03:00:00+00:00,0.377140,0
2026-05-01T04:00:00+00:00,0.000000,0
2026-05-01T05:00:00+00:00,0.000000,0
2026-05-01T06:00:00+00:00,0.000000,0
2026-05-01T07:00:00+00:00,0.000000,0
2026-05-01T08:00:00+00:00,0.000000,0
2026-05-01T09:00:00+00:00,0.000000,0
2026-05-01T10:00:00+00:00,0.000000,0
2026-05-01T11:00:00+00:00,0.000000,0
2026-05-01T12:00:00+00:00,0.000000,0
2026-05-01T13:00:00+00:00,0.000000,0
2026-05-01T14:00:00+00:00,0.000000,0
2026-05-01T15:00:00+00:00,0.000000,0
2026-05-01T16:00:00+00:00,0.000000,0
2026-05-01T17:00:00+00:00,0.000000,0
2026-05-01T18:00:00+00:00,0.000000,0
2026-05-01T19:00:00+00:00,0.000000,0
2026-05-01T20:00:00+00:00,0.775500,0
2026-05-01T21:00:00+00:00,0.659719,0
2026-05-01T22:00:00+00:00,0.594679,0
2026-05-01T23:00:00+00:00,0.584254,0
2026-05-02T00:00:00+00:00,0.255981,0
2026-05-02T01:00:00+00:00,0.206055,0
2026-05-02T02:00:00+00:00,0.215942,0
2026-05-02T03:00:00+00:00,0.211060,0
2026-05-02T04:00:00+00:00,0.012939,0
2026-05-02T05:00:00+00:00,0.000000,0
2026-05-02T06:00:00+00:00,0.000000,0
2026-05-02T07:00:00+00:00,0.371094,0
2026-05-02T08:00:00+00:00,0.119019,0
2026-05-02T09:00:00+00:00,0.060913,0
2026-05-02T10:00:00+00:00,0.000000,0
2026-05-02T11:00:00+00:00,0.000000,0
2026-05-02T12:00:00+00:00,0.005005,0
2026-05-02T13:00:00+00:00,0.003052,0
2026-05-02T14:00:00+00:00,0.000000,0
2026-05-02T15:00:00+00:00,0.000000,0
2026-05-02T16:00:00+00:00,0.057983,0
2026-05-02T17:00:00+00:00,0.283936,0
2026-05-02T18:00:00+00:00,0.365112,0
2026-05-02T19:00:00+00:00,0.410889,0
2026-05-02T20:00:00+00:00,0.373047,0
2026-05-02T21:00:00+00:00,0.359009,0
2026-05-02T22:00:00+00:00,0.343018,0
2026-05-02T23:00:00+00:00,0.351929,0
2026-05-03T00:00:00+00:00,0.332031,0
2026-05-03T01:00:00+00:00,0.325073,0
2026-05-03T02:00:00+00:00,0.257935,0
2026-05-03T03:00:00+00:00,0.250977,0
2026-05-03T04:00:00+00:00,0.041016,0
2026-05-03T05:00:00+00:00,0.103027,0
2026-05-03T06:00:00+00:00,0.000000,0
2026-05-03T07:00:00+00:00,0.000000,0
2026-05-03T08:00:00+00:00,0.000000,0
2026-05-03T09:00:00+00:00,0.808960,0
2026-05-03T10:00:00+00:00,1.634033,0
2026-05-03T11:00:00+00:00,1.264038,0
2026-05-03T12:00:00+00:00,0.385010,0
2026-05-03T13:00:00+00:00,0.151978,0
2026-05-03T14:00:00+00:00,0.000000,0
2026-05-03T15:00:00+00:00,0.037964,0
2026-05-03T16:00:00+00:00,0.098999,0
2026-05-03T17:00:00+00:00,0.223999,0
2026-05-03T18:00:00+00:00,0.255981,0
2026-05-03T19:00:00+00:00,0.259033,0
2026-05-03T20:00:00+00:00,0.397949,0
2026-05-03T21:00:00+00:00,0.511108,0
2026-05-03T22:00:00+00:00,0.345947,0
2026-05-03T23:00:00+00:00,0.245972,0
2026-05-04T00:00:00+00:00,0.229004,0
2026-05-04T01:00:00+00:00,0.224976,0
2026-05-04T02:00:00+00:00,0.258057,0
2026-05-04T03:00:00+00:00,0.255981,0
2026-05-04T04:00:00+00:00,0.000977,0
2026-05-04T05:00:00+00:00,0.000000,0
2026-05-04T06:00:00+00:00,0.000000,0
2026-05-04T07:00:00+00:00,0.000000,0
2026-05-04T08:00:00+00:00,0.000000,0
2026-05-04T09:00:00+00:00,0.000000,0
2026-05-04T10:00:00+00:00,0.000000,0
2026-05-04T11:00:00+00:00,0.000000,0
2026-05-04T12:00:00+00:00,0.000000,0
2026-05-04T13:00:00+00:00,0.000000,0
2026-05-04T14:00:00+00:00,0.000000,0
2026-05-04T15:00:00+00:00,0.000000,0
2026-05-04T16:00:00+00:00,0.000000,0
2026-05-04T17:00:00+00:00,0.000000,0
2026-05-04T18:00:00+00:00,0.000000,0
2026-05-04T19:00:00+00:00,0.000000,0
2026-05-04T20:00:00+00:00,0.604004,0
2026-05-04T21:00:00+00:00,0.583008,0
2026-05-04T22:00:00+00:00,0.348022,0
2026-05-04T23:00:00+00:00,0.203003,0
2026-05-05T00:00:00+00:00,0.207031,0
2026-05-05T01:00:00+00:00,0.465942,0
2026-05-05T02:00:00+00:00,0.286011,0
2026-05-05T03:00:00+00:00,0.201050,0
2026-05-05T04:00:00+00:00,0.000000,0
2026-05-05T05:00:00+00:00,0.000000,0
2026-05-05T06:00:00+00:00,0.000000,0
2026-05-05T07:00:00+00:00,0.000000,0
2026-05-05T08:00:00+00:00,0.000000,0
2026-05-05T09:00:00+00:00,0.000000,0
2026-05-05T10:00:00+00:00,0.000000,0
2026-05-05T11:00:00+00:00,0.000000,0
2026-05-05T12:00:00+00:00,0.000000,0
2026-05-05T13:00:00+00:00,0.000000,0
2026-05-05T14:00:00+00:00,0.000000,0
2026-05-05T15:00:00+00:00,0.000000,0
2026-05-05T16:00:00+00:00,0.000000,0
2026-05-05T17:00:00+00:00,0.000000,0
2026-05-05T18:00:00+00:00,0.000000,0
2026-05-05T19:00:00+00:00,0.000000,0
2026-05-05T20:00:00+00:00,0.632935,0
2026-05-05T21:00:00+00:00,0.685059,0
2026-05-05T22:00:00+00:00,0.544922,0
2026-05-05T23:00:00+00:00,0.332031,0
2026-05-06T00:00:00+00:00,0.208008,0
2026-05-06T01:00:00+00:00,0.199951,0
2026-05-06T02:00:00+00:00,0.947998,0
2026-05-06T03:00:00+00:00,0.315063,0
2026-05-06T04:00:00+00:00,0.000000,0
2026-05-06T05:00:00+00:00,0.000000,0
2026-05-06T06:00:00+00:00,0.000000,0
2026-05-06T07:00:00+00:00,0.000000,0
2026-05-06T08:00:00+00:00,0.000000,0
2026-05-06T09:00:00+00:00,0.000000,0
2026-05-06T10:00:00+00:00,0.000000,0
2026-05-06T11:00:00+00:00,0.000000,0
2026-05-06T12:00:00+00:00,0.000000,0
2026-05-06T13:00:00+00:00,0.000000,0
2026-05-06T14:00:00+00:00,0.000000,0
2026-05-06T15:00:00+00:00,0.000000,0
2026-05-06T16:00:00+00:00,0.000000,0
2026-05-06T17:00:00+00:00,0.000000,0
2026-05-06T18:00:00+00:00,0.000000,0
2026-05-06T19:00:00+00:00,0.000000,0
2026-05-06T20:00:00+00:00,0.566040,0
2026-05-06T21:00:00+00:00,0.576904,0
2026-05-06T22:00:00+00:00,1.732056,0
2026-05-06T23:00:00+00:00,0.317017,0
2026-05-07T00:00:00+00:00,0.214966,0
2026-05-07T01:00:00+00:00,0.650024,0
2026-05-07T02:00:00+00:00,0.833984,0
2026-05-07T03:00:00+00:00,0.180054,0
2026-05-07T04:00:00+00:00,0.000000,0
2026-05-07T05:00:00+00:00,0.000000,0
2026-05-07T06:00:00+00:00,0.000000,0
2026-05-07T07:00:00+00:00,0.000000,0
2026-05-07T08:00:00+00:00,0.000000,0
2026-05-07T09:00:00+00:00,0.000000,0
2026-05-07T10:00:00+00:00,0.000000,0
2026-05-07T11:00:00+00:00,0.000000,0
2026-05-07T12:00:00+00:00,0.000000,0
2026-05-07T13:00:00+00:00,0.000000,0
2026-05-07T14:00:00+00:00,0.000000,0
2026-05-07T15:00:00+00:00,0.000000,0
2026-05-07T16:00:00+00:00,0.000000,0
2026-05-07T17:00:00+00:00,0.000000,0
2026-05-07T18:00:00+00:00,0.000000,0
2026-05-07T19:00:00+00:00,0.000000,0
2026-05-07T20:00:00+00:00,0.696899,0
2026-05-07T21:00:00+00:00,0.848022,0
2026-05-07T22:00:00+00:00,0.608032,0
2026-05-07T23:00:00+00:00,0.297974,0
2026-05-08T00:00:00+00:00,0.518304,0
2026-05-08T01:00:00+00:00,0.522470,0
2026-05-08T02:00:00+00:00,0.508323,0
2026-05-08T03:00:00+00:00,0.354794,0
2026-05-08T04:00:00+00:00,0.000000,0
2026-05-08T05:00:00+00:00,0.000000,0
2026-05-08T06:00:00+00:00,0.000000,0
2026-05-08T07:00:00+00:00,0.000000,0
2026-05-08T08:00:00+00:00,0.000000,0
2026-05-08T09:00:00+00:00,0.000000,0
2026-05-08T10:00:00+00:00,0.000000,0
2026-05-08T11:00:00+00:00,0.000000,0
2026-05-08T12:00:00+00:00,0.000000,0
2026-05-08T13:00:00+00:00,0.000000,0
2026-05-08T14:00:00+00:00,0.000000,0
2026-05-08T15:00:00+00:00,0.000000,0
2026-05-08T16:00:00+00:00,0.000000,0
2026-05-08T17:00:00+00:00,0.000000,0
2026-05-08T18:00:00+00:00,0.000000,0
2026-05-08T19:00:00+00:00,0.000000,0
2026-05-08T20:00:00+00:00,0.729549,0
2026-05-08T21:00:00+00:00,0.620628,0
2026-05-08T22:00:00+00:00,0.559442,0
2026-05-08T23:00:00+00:00,0.549635,0
2026-05-09T00:00:00+00:00,0.395643,0
2026-05-09T01:00:00+00:00,0.398823,0
2026-05-09T02:00:00+00:00,0.388024,0
2026-05-09T03:00:00+00:00,0.270829,0
2026-05-09T04:00:00+00:00,0.000000,0
2026-05-09T05:00:00+00:00,0.000000,0
2026-05-09T06:00:00+00:00,0.000000,0
2026-05-09T07:00:00+00:00,0.000000,0
2026-05-09T08:00:00+00:00,0.000000,0
2026-05-09T09:00:00+00:00,0.000000,0
2026-05-09T10:00:00+00:00,0.000000,0
2026-05-09T11:00:00+00:00,0.000000,0
2026-05-09T12:00:00+00:00,0.000000,0
2026-05-09T13:00:00+00:00,0.000000,0
2026-05-09T14:00:00+00:00,0.000000,0
2026-05-09T15:00:00+00:00,0.000000,0
2026-05-09T16:00:00+00:00,0.000000,0
2026-05-09T17:00:00+00:00,0.000000,0
2026-05-09T18:00:00+00:00,0.000000,0
2026-05-09T19:00:00+00:00,0.000000,0
2026-05-09T20:00:00+00:00,0.556895,0
2026-05-09T21:00:00+00:00,0.473751,0
2026-05-09T22:00:00+00:00,0.427045,0
2026-05-09T23:00:00+00:00,0.419559,0
2026-05-10T00:00:00+00:00,0.467182,0
2026-05-10T01:00:00+00:00,0.470937,0
2026-05-10T02:00:00+00:00,0.458185,0
2026-05-10T03:00:00+00:00,0.319799,0
2026-05-10T04:00:00+00:00,0.000000,0
2026-05-10T05:00:00+00:00,0.000000,0
2026-05-10T06:00:00+00:00,0.000000,0
2026-05-10T07:00:00+00:00,0.000000,0
2026-05-10T08:00:00+00:00,0.000000,0
2026-05-10T09:00:00+00:00,0.000000,0
2026-05-10T10:00:00+00:00,0.000000,0
2026-05-10T11:00:00+00:00,0.000000,0
2026-05-10T12:00:00+00:00,0.000000,0
2026-05-10T13:00:00+00:00,0.000000,0
2026-05-10T14:00:00+00:00,0.000000,0
2026-05-10T15:00:00+00:00,0.000000,0
2026-05-10T16:00:00+00:00,0.000000,0
2026-05-10T17:00:00+00:00,0.000000,0
2026-05-10T18:00:00+00:00,0.000000,0
2026-05-10T19:00:00+00:00,0.000000,0
2026-05-10T20:00:00+00:00,0.657590,0
2026-05-10T21:00:00+00:00,0.559413,0
2026-05-10T22:00:00+00:00,0.504262,0
2026-05-10T23:00:00+00:00,0.495422,0
2026-05-11T00:00:00+00:00,0.196045,0
2026-05-11T01:00:00+00:00,0.206055,0
2026-05-11T02:00:00+00:00,0.203003,0
2026-05-11T03:00:00+00:00,0.216919,0
2026-05-11T04:00:00+00:00,0.000000,0
2026-05-11T05:00:00+00:00,0.000000,0
2026-05-11T06:00:00+00:00,0.000000,0
2026-05-11T07:00:00+00:00,0.000000,0
2026-05-11T08:00:00+00:00,0.000000,0
2026-05-11T09:00:00+00:00,0.000000,0
2026-05-11T10:00:00+00:00,0.000000,0
2026-05-11T11:00:00+00:00,0.000000,0
2026-05-11T12:00:00+00:00,0.000000,0
2026-05-11T13:00:00+00:00,0.000000,0
2026-05-11T14:00:00+00:00,0.000000,0
2026-05-11T15:00:00+00:00,0.000000,0
2026-05-11T16:00:00+00:00,0.000000,0
2026-05-11T17:00:00+00:00,0.000000,0
2026-05-11T18:00:00+00:00,0.000000,0
2026-05-11T19:00:00+00:00,0.000000,0
2026-05-11T20:00:00+00:00,0.592041,0
2026-05-11T21:00:00+00:00,0.541016,0
2026-05-11T22:00:00+00:00,0.862915,0
2026-05-11T23:00:00+00:00,1.607056,0
2026-05-12T00:00:00+00:00,0.437012,0
2026-05-12T01:00:00+00:00,0.703979,0
2026-05-12T02:00:00+00:00,0.577026,0
2026-05-12T03:00:00+00:00,0.556030,0
2026-05-12T04:00:00+00:00,0.000000,0
2026-05-12T05:00:00+00:00,0.000000,0
2026-05-12T06:00:00+00:00,0.000000,0
2026-05-12T07:00:00+00:00,0.000000,0
2026-05-12T08:00:00+00:00,0.000000,0
2026-05-12T09:00:00+00:00,0.000000,0
2026-05-12T10:00:00+00:00,0.000000,0
2026-05-12T11:00:00+00:00,0.000000,0
2026-05-12T12:00:00+00:00,0.000000,0
2026-05-12T13:00:00+00:00,0.000000,0
2026-05-12T14:00:00+00:00,0.000000,0
2026-05-12T15:00:00+00:00,0.000000,0
2026-05-12T16:00:00+00:00,0.000000,0
2026-05-12T17:00:00+00:00,0.000000,0
2026-05-12T18:00:00+00:00,0.000000,0
2026-05-12T19:00:00+00:00,0.000000,0
2026-05-12T20:00:00+00:00,0.306885,0
2026-05-12T21:00:00+00:00,0.895020,0
2026-05-12T22:00:00+00:00,0.894043,0
2026-05-12T23:00:00+00:00,0.392944,0
2026-05-13T00:00:00+00:00,0.796997,0
2026-05-13T01:00:00+00:00,0.397095,0
2026-05-13T02:00:00+00:00,0.803955,0
2026-05-13T03:00:00+00:00,0.229004,0
2026-05-13T04:00:00+00:00,0.000000,0
2026-05-13T05:00:00+00:00,0.000000,0
2026-05-13T06:00:00+00:00,0.000000,0
2026-05-13T07:00:00+00:00,0.000000,0
2026-05-13T08:00:00+00:00,0.000000,0
2026-05-13T09:00:00+00:00,0.000000,0
2026-05-13T10:00:00+00:00,0.000000,0
2026-05-13T11:00:00+00:00,0.000000,0
2026-05-13T12:00:00+00:00,0.000000,0
2026-05-13T13:00:00+00:00,0.000000,0
2026-05-13T14:00:00+00:00,0.000000,0
2026-05-13T15:00:00+00:00,0.000000,0
2026-05-13T16:00:00+00:00,0.000000,0
2026-05-13T17:00:00+00:00,0.000000,0
2026-05-13T18:00:00+00:00,0.000000,0
2026-05-13T19:00:00+00:00,0.000000,0
2026-05-13T20:00:00+00:00,1.093018,0
2026-05-13T21:00:00+00:00,0.532959,0
2026-05-13T22:00:00+00:00,0.547974,0
2026-05-13T23:00:00+00:00,0.592041,0
2026-05-14T00:00:00+00:00,0.755981,0
2026-05-14T01:00:00+00:00,0.510010,0
2026-05-14T02:00:00+00:00,0.703003,0
2026-05-14T03:00:00+00:00,0.508057,0
2026-05-14T04:00:00+00:00,0.536011,0
2026-05-14T05:00:00+00:00,0.345947,0
2026-05-14T06:00:00+00:00,0.005981,0
2026-05-14T07:00:00+00:00,0.000000,0
2026-05-14T08:00:00+00:00,0.004028,0
2026-05-14T09:00:00+00:00,0.040039,0
2026-05-14T10:00:00+00:00,0.000000,0
2026-05-14T11:00:00+00:00,0.000000,0
2026-05-14T12:00:00+00:00,0.000000,0
2026-05-14T13:00:00+00:00,0.000000,0
2026-05-14T14:00:00+00:00,0.000000,0
2026-05-14T15:00:00+00:00,0.000000,0
2026-05-14T16:00:00+00:00,0.015015,0
2026-05-14T17:00:00+00:00,0.142944,0
2026-05-14T18:00:00+00:00,0.222046,0
2026-05-14T19:00:00+00:00,0.219971,0
2026-05-14T20:00:00+00:00,0.251953,0
2026-05-14T21:00:00+00:00,0.255005,0
2026-05-14T22:00:00+00:00,0.778076,0
2026-05-14T23:00:00+00:00,0.878906,0
2026-05-15T00:00:00+00:00,0.462036,0
2026-05-15T01:00:00+00:00,0.850952,0
2026-05-15T02:00:00+00:00,0.423096,0
2026-05-15T03:00:00+00:00,0.194946,0
2026-05-15T04:00:00+00:00,0.000000,0
2026-05-15T05:00:00+00:00,0.000000,0
2026-05-15T06:00:00+00:00,0.000000,0
2026-05-15T07:00:00+00:00,0.000000,0
2026-05-15T08:00:00+00:00,0.000000,0
2026-05-15T09:00:00+00:00,0.000000,0
2026-05-15T10:00:00+00:00,0.000000,0
2026-05-15T11:00:00+00:00,0.000000,0
2026-05-15T12:00:00+00:00,0.000000,0
2026-05-15T13:00:00+00:00,0.000000,0
2026-05-15T14:00:00+00:00,0.000000,0
2026-05-15T15:00:00+00:00,0.000000,0
2026-05-15T16:00:00+00:00,0.000000,0
2026-05-15T17:00:00+00:00,0.000000,0
2026-05-15T18:00:00+00:00,0.000000,0
2026-05-15T19:00:00+00:00,0.000000,0
2026-05-15T20:00:00+00:00,0.572998,0
2026-05-15T21:00:00+00:00,0.501953,0
2026-05-15T22:00:00+00:00,0.487061,0
2026-05-15T23:00:00+00:00,1.092041,0
2026-05-16T00:00:00+00:00,1.174927,0
2026-05-16T01:00:00+00:00,0.738037,0
2026-05-16T02:00:00+00:00,0.923950,0
2026-05-16T03:00:00+00:00,0.437988,0
2026-05-16T04:00:00+00:00,0.362061,0
2026-05-16T05:00:00+00:00,0.110962,0
2026-05-16T06:00:00+00:00,0.159058,0
2026-05-16T07:00:00+00:00,0.000000,0
2026-05-16T08:00:00+00:00,0.000000,0
2026-05-16T09:00:00+00:00,1.192993,0
2026-05-16T10:00:00+00:00,0.101929,0
2026-05-16T11:00:00+00:00,0.000000,0
2026-05-16T12:00:00+00:00,0.000000,0
2026-05-16T13:00:00+00:00,0.000000,0
2026-05-16T14:00:00+00:00,0.514038,0
2026-05-16T15:00:00+00:00,0.061035,0
2026-05-16T16:00:00+00:00,0.028931,0
2026-05-16T17:00:00+00:00,0.190063,0
2026-05-16T18:00:00+00:00,0.210938,0
2026-05-16T19:00:00+00:00,0.463989,0
2026-05-16T20:00:00+00:00,0.528076,0
2026-05-16T21:00:00+00:00,0.510986,0
2026-05-16T22:00:00+00:00,1.015015,0
2026-05-16T23:00:00+00:00,0.771973,0
2026-05-17T00:00:00+00:00,0.504028,0
2026-05-17T01:00:00+00:00,0.720947,0
2026-05-17T02:00:00+00:00,1.648071,0
2026-05-17T03:00:00+00:00,0.627930,0
2026-05-17T04:00:00+00:00,0.492065,0
2026-05-17T05:00:00+00:00,0.494019,0
2026-05-17T06:00:00+00:00,0.042969,0
2026-05-17T07:00:00+00:00,0.281982,0
2026-05-17T08:00:00+00:00,0.001953,0
2026-05-17T09:00:00+00:00,0.204102,0
2026-05-17T10:00:00+00:00,1.592896,0
2026-05-17T11:00:00+00:00,0.000000,0
2026-05-17T12:00:00+00:00,0.126099,0
2026-05-17T13:00:00+00:00,0.095947,0
2026-05-17T14:00:00+00:00,0.097046,0
2026-05-17T15:00:00+00:00,0.000000,0
2026-05-17T16:00:00+00:00,0.005005,0
2026-05-17T17:00:00+00:00,0.153931,0
2026-05-17T18:00:00+00:00,0.235962,0
2026-05-17T19:00:00+00:00,0.804077,0
2026-05-17T20:00:00+00:00,0.885986,0
2026-05-17T21:00:00+00:00,0.486938,0
2026-05-17T22:00:00+00:00,0.665039,0
2026-05-17T23:00:00+00:00,0.459961,0
2026-05-18T00:00:00+00:00,0.644043,0
2026-05-18T01:00:00+00:00,0.499023,0
2026-05-18T02:00:00+00:00,0.453979,0
2026-05-18T03:00:00+00:00,0.647949,0
2026-05-18T04:00:00+00:00,0.000000,0
2026-05-18T05:00:00+00:00,0.000000,0
2026-05-18T06:00:00+00:00,0.000000,0
2026-05-18T07:00:00+00:00,0.000000,0
2026-05-18T08:00:00+00:00,0.000000,0
2026-05-18T09:00:00+00:00,0.000000,0
2026-05-18T10:00:00+00:00,0.000000,0
2026-05-18T11:00:00+00:00,0.000000,0
2026-05-18T12:00:00+00:00,0.000000,0
2026-05-18T13:00:00+00:00,0.000000,0
2026-05-18T14:00:00+00:00,0.000000,0
2026-05-18T15:00:00+00:00,0.000000,0
2026-05-18T16:00:00+00:00,0.000000,0
2026-05-18T17:00:00+00:00,0.000000,0
2026-05-18T18:00:00+00:00,0.000000,0
2026-05-18T19:00:00+00:00,0.000000,0
2026-05-18T20:00:00+00:00,0.532104,0
2026-05-18T21:00:00+00:00,0.302979,0
2026-05-18T22:00:00+00:00,0.328003,0
2026-05-18T23:00:00+00:00,0.773926,0
2026-05-19T00:00:00+00:00,0.463989,0
2026-05-19T01:00:00+00:00,0.795044,0
2026-05-19T02:00:00+00:00,0.244995,0
2026-05-19T03:00:00+00:00,0.083984,0
2026-05-19T04:00:00+00:00,0.000000,0
2026-05-19T05:00:00+00:00,0.000000,0
2026-05-19T06:00:00+00:00,0.000000,0
2026-05-19T07:00:00+00:00,0.000000,0
2026-05-19T08:00:00+00:00,0.000000,0
2026-05-19T09:00:00+00:00,0.000000,0
2026-05-19T10:00:00+00:00,0.000000,0
2026-05-19T11:00:00+00:00,0.000000,0
2026-05-19T12:00:00+00:00,0.000000,0
2026-05-19T13:00:00+00:00,0.000000,0
2026-05-19T14:00:00+00:00,0.000000,0
2026-05-19T15:00:00+00:00,0.000000,0
2026-05-19T16:00:00+00:00,0.000000,0
2026-05-19T17:00:00+00:00,0.000000,0
2026-05-19T18:00:00+00:00,0.000000,0
2026-05-19T19:00:00+00:00,0.000000,0
2026-05-19T20:00:00+00:00,0.780029,0
2026-05-19T21:00:00+00:00,0.349976,0
2026-05-19T22:00:00+00:00,0.456055,0
2026-05-19T23:00:00+00:00,0.629028,0
2026-05-20T00:00:00+00:00,0.570092,0
2026-05-20T01:00:00+00:00,0.574674,0
2026-05-20T02:00:00+00:00,0.559114,0
2026-05-20T03:00:00+00:00,0.390244,0
2026-05-20T04:00:00+00:00,0.000000,0
2026-05-20T05:00:00+00:00,0.000000,0
2026-05-20T06:00:00+00:00,0.000000,0
2026-05-20T07:00:00+00:00,0.000000,0
2026-05-20T08:00:00+00:00,0.000000,0
2026-05-20T09:00:00+00:00,0.000000,0
2026-05-20T10:00:00+00:00,0.000000,0
2026-05-20T11:00:00+00:00,0.000000,0
2026-05-20T12:00:00+00:00,0.000000,0
2026-05-20T13:00:00+00:00,0.000000,0
2026-05-20T14:00:00+00:00,0.000000,0
2026-05-20T15:00:00+00:00,0.000000,0
2026-05-20T16:00:00+00:00,0.000000,0
2026-05-20T17:00:00+00:00,0.000000,0
2026-05-20T18:00:00+00:00,0.000000,0
2026-05-20T19:00:00+00:00,0.000000,0
2026-05-20T20:00:00+00:00,0.802444,0
2026-05-20T21:00:00+00:00,0.682641,0
2026-05-20T22:00:00+00:00,0.615341,0
2026-05-20T23:00:00+00:00,0.604554,0
2026-05-21T00:00:00+00:00,0.200928,0
2026-05-21T01:00:00+00:00,0.211060,0
2026-05-21T02:00:00+00:00,0.223999,0
2026-05-21T03:00:00+00:00,0.160034,0
2026-05-21T04:00:00+00:00,0.000000,0
2026-05-21T05:00:00+00:00,0.000000,0
2026-05-21T06:00:00+00:00,0.000000,0
2026-05-21T07:00:00+00:00,0.000000,0
2026-05-21T08:00:00+00:00,0.000000,0
2026-05-21T09:00:00+00:00,0.000000,0
2026-05-21T10:00:00+00:00,0.000000,0
2026-05-21T11:00:00+00:00,0.000000,0
2026-05-21T12:00:00+00:00,0.000000,0
2026-05-21T13:00:00+00:00,0.000000,0
2026-05-21T14:00:00+00:00,0.000000,0
2026-05-21T15:00:00+00:00,0.000000,0
2026-05-21T16:00:00+00:00,0.000000,0
2026-05-21T17:00:00+00:00,0.000000,0
2026-05-21T18:00:00+00:00,0.000000,0
2026-05-21T19:00:00+00:00,0.000000,0
2026-05-21T20:00:00+00:00,0.243896,0
2026-05-21T21:00:00+00:00,0.223999,0
2026-05-21T22:00:00+00:00,0.208008,0
2026-05-21T23:00:00+00:00,0.237061,0
2026-05-22T00:00:00+00:00,0.465942,0
2026-05-22T01:00:00+00:00,0.565063,0
2026-05-22T02:00:00+00:00,0.291992,0
2026-05-22T03:00:00+00:00,0.173950,0
2026-05-22T04:00:00+00:00,0.000000,0
2026-05-22T05:00:00+00:00,0.000000,0
2026-05-22T06:00:00+00:00,0.000000,0
2026-05-22T07:00:00+00:00,0.000000,0
2026-05-22T08:00:00+00:00,0.000000,0
2026-05-22T09:00:00+00:00,0.000000,0
2026-05-22T10:00:00+00:00,0.000000,0
2026-05-22T11:00:00+00:00,0.000000,0
2026-05-22T12:00:00+00:00,0.000000,0
2026-05-22T13:00:00+00:00,0.000000,0
2026-05-22T14:00:00+00:00,0.000000,0
2026-05-22T15:00:00+00:00,0.000000,0
2026-05-22T16:00:00+00:00,0.000000,0
2026-05-22T17:00:00+00:00,0.000000,0
2026-05-22T18:00:00+00:00,0.000000,0
2026-05-22T19:00:00+00:00,0.000000,0
2026-05-22T20:00:00+00:00,0.701050,0
2026-05-22T21:00:00+00:00,0.623047,0
2026-05-22T22:00:00+00:00,0.471924,0
2026-05-22T23:00:00+00:00,0.446045,0
2026-05-23T00:00:00+00:00,0.410034,0
2026-05-23T01:00:00+00:00,0.380005,0
2026-05-23T02:00:00+00:00,0.384888,0
2026-05-23T03:00:00+00:00,0.212036,0
2026-05-23T04:00:00+00:00,0.029053,0
2026-05-23T05:00:00+00:00,0.000000,0
2026-05-23T06:00:00+00:00,0.000000,0
2026-05-23T07:00:00+00:00,0.000000,0
2026-05-23T08:00:00+00:00,0.000000,0
2026-05-23T09:00:00+00:00,0.000000,0
2026-05-23T10:00:00+00:00,0.000000,0
2026-05-23T11:00:00+00:00,0.000000,0
2026-05-23T12:00:00+00:00,0.000000,0
2026-05-23T13:00:00+00:00,0.000000,0
2026-05-23T14:00:00+00:00,0.000000,0
2026-05-23T15:00:00+00:00,0.000000,0
2026-05-23T16:00:00+00:00,0.151001,0
2026-05-23T17:00:00+00:00,0.464966,0
2026-05-23T18:00:00+00:00,0.475952,0
2026-05-23T19:00:00+00:00,0.410034,0
2026-05-23T20:00:00+00:00,0.389038,0
2026-05-23T21:00:00+00:00,0.348022,0
2026-05-23T22:00:00+00:00,0.356934,0
2026-05-23T23:00:00+00:00,0.270020,0
2026-05-24T00:00:00+00:00,0.293945,0
2026-05-24T01:00:00+00:00,0.244019,0
2026-05-24T02:00:00+00:00,0.255005,0
2026-05-24T03:00:00+00:00,0.229004,0
2026-05-24T04:00:00+00:00,0.033081,0
2026-05-24T05:00:00+00:00,0.000000,0
2026-05-24T06:00:00+00:00,0.000000,0
2026-05-24T07:00:00+00:00,0.000000,0
2026-05-24T08:00:00+00:00,0.000000,0
2026-05-24T09:00:00+00:00,0.000000,0
2026-05-24T10:00:00+00:00,1.682983,0
2026-05-24T11:00:00+00:00,0.237915,0
2026-05-24T12:00:00+00:00,0.000000,0
2026-05-24T13:00:00+00:00,0.000000,0
2026-05-24T14:00:00+00:00,0.000000,0
2026-05-24T15:00:00+00:00,0.000000,0
2026-05-24T16:00:00+00:00,0.307007,0
2026-05-24T17:00:00+00:00,0.340088,0
2026-05-24T18:00:00+00:00,0.386963,0
2026-05-24T19:00:00+00:00,0.395020,0
2026-05-24T20:00:00+00:00,0.396973,0
2026-05-24T21:00:00+00:00,0.370972,0
2026-05-24T22:00:00+00:00,0.359009,0
2026-05-24T23:00:00+00:00,0.285034,0
2026-05-25T00:00:00+00:00,0.265991,0
2026-05-25T01:00:00+00:00,0.288940,0
2026-05-25T02:00:00+00:00,0.209106,0
2026-05-25T03:00:00+00:00,0.134888,0
2026-05-25T04:00:00+00:00,0.000000,0
2026-05-25T05:00:00+00:00,0.000000,0
2026-05-25T06:00:00+00:00,0.000000,0
2026-05-25T07:00:00+00:00,0.000000,0
2026-05-25T08:00:00+00:00,0.000000,0
2026-05-25T09:00:00+00:00,0.000000,0
2026-05-25T10:00:00+00:00,0.000000,0
2026-05-25T11:00:00+00:00,0.000000,0
2026-05-25T12:00:00+00:00,0.000000,0
2026-05-25T13:00:00+00:00,0.000000,0
2026-05-25T14:00:00+00:00,0.000000,0
2026-05-25T15:00:00+00:00,0.000000,0
2026-05-25T16:00:00+00:00,0.362061,0
2026-05-25T17:00:00+00:00,0.509033,0
2026-05-25T18:00:00+00:00,0.335938,0
2026-05-25T19:00:00+00:00,0.487061,0
2026-05-25T20:00:00+00:00,0.388916,0
2026-05-25T21:00:00+00:00,0.424072,0
2026-05-25T22:00:00+00:00,0.393921,0
2026-05-25T23:00:00+00:00,0.393066,0
2026-05-26T00:00:00+00:00,0.382935,0
2026-05-26T01:00:00+00:00,0.384033,0
2026-05-26T02:00:00+00:00,0.425049,0
2026-05-26T03:00:00+00:00,0.229980,0
2026-05-26T04:00:00+00:00,0.000000,0
2026-05-26T05:00:00+00:00,0.000000,0
2026-05-26T06:00:00+00:00,0.000000,0
2026-05-26T07:00:00+00:00,0.000000,0
2026-05-26T08:00:00+00:00,0.000000,0
2026-05-26T09:00:00+00:00,0.000000,0
2026-05-26T10:00:00+00:00,0.000000,0
2026-05-26T11:00:00+00:00,0.000000,0
2026-05-26T12:00:00+00:00,0.000000,0
2026-05-26T13:00:00+00:00,0.000000,0
2026-05-26T14:00:00+00:00,0.000000,0
2026-05-26T15:00:00+00:00,0.000000,0
2026-05-26T16:00:00+00:00,0.000000,0
2026-05-26T17:00:00+00:00,0.000000,0
2026-05-26T18:00:00+00:00,0.000000,0
2026-05-26T19:00:00+00:00,0.000000,0
2026-05-26T20:00:00+00:00,0.309937,0
2026-05-26T21:00:00+00:00,0.416992,0
2026-05-26T22:00:00+00:00,0.406006,0
2026-05-26T23:00:00+00:00,0.390015,0
2026-05-27T00:00:00+00:00,0.406982,0
2026-05-27T01:00:00+00:00,0.389038,0
2026-05-27T02:00:00+00:00,0.409058,0
2026-05-27T03:00:00+00:00,0.315918,0
2026-05-27T04:00:00+00:00,0.000000,0
2026-05-27T05:00:00+00:00,0.000000,0
2026-05-27T06:00:00+00:00,0.000000,0
2026-05-27T07:00:00+00:00,0.000000,0
2026-05-27T08:00:00+00:00,0.000000,0
2026-05-27T09:00:00+00:00,0.000000,0
2026-05-27T10:00:00+00:00,0.000000,0
2026-05-27T11:00:00+00:00,0.000000,0
2026-05-27T12:00:00+00:00,0.000000,0
2026-05-27T13:00:00+00:00,0.000000,0
2026-05-27T14:00:00+00:00,0.000000,0
2026-05-27T15:00:00+00:00,0.000000,0
2026-05-27T16:00:00+00:00,0.000000,0
2026-05-27T17:00:00+00:00,0.000000,0
2026-05-27T18:00:00+00:00,0.000000,0
2026-05-27T19:00:00+00:00,0.000000,0
2026-05-27T20:00:00+00:00,0.382080,0
2026-05-27T21:00:00+00:00,0.298950,0
2026-05-27T22:00:00+00:00,0.316040,0
2026-05-27T23:00:00+00:00,0.393921,0
2026-05-28T00:00:00+00:00,0.288086,0
2026-05-28T01:00:00+00:00,0.299927,0
2026-05-28T02:00:00+00:00,0.375000,0
2026-05-28T03:00:00+00:00,0.150024,0
2026-05-28T04:00:00+00:00,0.000000,0
2026-05-28T05:00:00+00:00,0.000000,0
2026-05-28T06:00:00+00:00,0.000000,0
2026-05-28T07:00:00+00:00,0.000000,0
2026-05-28T08:00:00+00:00,0.000000,0
2026-05-28T09:00:00+00:00,0.000000,0
2026-05-28T10:00:00+00:00,0.000000,0
2026-05-28T11:00:00+00:00,0.000000,0
2026-05-28T12:00:00+00:00,0.000000,0
2026-05-28T13:00:00+00:00,0.000000,0
2026-05-28T14:00:00+00:00,0.000000,0
2026-05-28T15:00:00+00:00,0.000000,0
2026-05-28T16:00:00+00:00,0.000000,0
2026-05-28T17:00:00+00:00,0.000000,0
2026-05-28T18:00:00+00:00,0.000000,0
2026-05-28T19:00:00+00:00,0.000000,0
2026-05-28T20:00:00+00:00,0.401001,0
2026-05-28T21:00:00+00:00,0.379028,0
2026-05-28T22:00:00+00:00,0.344971,0
2026-05-28T23:00:00+00:00,0.338013,0
2026-05-29T00:00:00+00:00,0.265991,0
2026-05-29T01:00:00+00:00,0.321045,0
2026-05-29T02:00:00+00:00,0.343994,0
2026-05-29T03:00:00+00:00,0.296021,0
2026-05-29T04:00:00+00:00,0.000000,0
2026-05-29T05:00:00+00:00,0.000000,0
2026-05-29T06:00:00+00:00,0.000000,0
2026-05-29T07:00:00+00:00,0.000000,0
2026-05-29T08:00:00+00:00,0.000000,0
2026-05-29T09:00:00+00:00,0.000000,0
2026-05-29T10:00:00+00:00,0.000000,0
2026-05-29T11:00:00+00:00,0.000000,0
2026-05-29T12:00:00+00:00,0.000000,0
2026-05-29T13:00:00+00:00,0.000000,0
2026-05-29T14:00:00+00:00,0.000000,0
2026-05-29T15:00:00+00:00,0.000000,0
2026-05-29T16:00:00+00:00,0.000000,0
2026-05-29T17:00:00+00:00,0.000000,0
2026-05-29T18:00:00+00:00,0.000000,0
2026-05-29T19:00:00+00:00,0.000000,0
2026-05-29T20:00:00+00:00,0.685913,0
2026-05-29T21:00:00+00:00,0.670044,0
2026-05-29T22:00:00+00:00,0.604980,0
2026-05-29T23:00:00+00:00,0.440063,0
2026-05-30T00:00:00+00:00,0.296997,0
2026-05-30T01:00:00+00:00,0.370972,0
2026-05-30T02:00:00+00:00,0.398926,0
2026-05-30T03:00:00+00:00,0.270996,0
2026-05-30T04:00:00+00:00,0.000000,0
2026-05-30T05:00:00+00:00,0.000000,0
2026-05-30T06:00:00+00:00,0.000000,0
2026-05-30T07:00:00+00:00,0.000000,0
2026-05-30T08:00:00+00:00,0.000000,0
2026-05-30T09:00:00+00:00,0.058105,0
2026-05-30T10:00:00+00:00,0.112915,0
2026-05-30T11:00:00+00:00,0.203003,0
2026-05-30T12:00:00+00:00,0.000000,0
2026-05-30T13:00:00+00:00,0.000000,0
2026-05-30T14:00:00+00:00,0.000000,0
2026-05-30T15:00:00+00:00,0.000000,0
2026-05-30T16:00:00+00:00,0.119995,0
2026-05-30T17:00:00+00:00,0.343994,0
2026-05-30T18:00:00+00:00,0.739990,0
2026-05-30T19:00:00+00:00,0.766113,0
2026-05-30T20:00:00+00:00,0.744995,0
2026-05-30T21:00:00+00:00,0.756958,0
2026-05-30T22:00:00+00:00,0.739990,0
2026-05-30T23:00:00+00:00,0.526978,0
2026-05-31T00:00:00+00:00,0.416992,0
2026-05-31T01:00:00+00:00,0.409058,0
2026-05-31T02:00:00+00:00,0.398926,0
2026-05-31T03:00:00+00:00,0.329102,0
2026-05-31T04:00:00+00:00,0.047974,0
2026-05-31T05:00:00+00:00,0.030029,0
2026-05-31T06:00:00+00:00,0.000000,0
2026-05-31T07:00:00+00:00,0.000000,0
2026-05-31T08:00:00+00:00,0.020996,0
2026-05-31T09:00:00+00:00,0.002930,0
2026-05-31T10:00:00+00:00,0.213989,0
2026-05-31T11:00:00+00:00,0.140015,0
2026-05-31T12:00:00+00:00,0.000000,0
2026-05-31T13:00:00+00:00,0.000000,0
2026-05-31T14:00:00+00:00,0.000977,0
2026-05-31T15:00:00+00:00,0.033081,0
2026-05-31T16:00:00+00:00,0.144897,0
2026-05-31T17:00:00+00:00,0.471069,0
2026-05-31T18:00:00+00:00,0.640991,0
2026-05-31T19:00:00+00:00,0.739014,0
2026-05-31T20:00:00+00:00,0.713013,0
2026-05-31T21:00:00+00:00,0.437012,0
2026-05-31T22:00:00+00:00,0.409912,0
2026-05-31T23:00:00+00:00,0.398071,0
2026-06-01T00:00:00+00:00,0.396973,0
2026-06-01T01:00:00+00:00,0.321045,0
2026-06-01T02:00:00+00:00,0.369995,0
2026-06-01T03:00:00+00:00,0.341919,0
2026-06-01T04:00:00+00:00,0.000000,0
2026-06-01T05:00:00+00:00,0.000000,0
2026-06-01T06:00:00+00:00,0.000000,0
2026-06-01T07:00:00+00:00,0.000000,0
2026-06-01T08:00:00+00:00,0.000000,0
2026-06-01T09:00:00+00:00,0.000000,0
2026-06-01T10:00:00+00:00,0.000000,0
2026-06-01T11:00:00+00:00,0.000000,0
2026-06-01T12:00:00+00:00,0.000000,0
2026-06-01T13:00:00+00:00,0.000000,0
2026-06-01T14:00:00+00:00,0.000000,0
2026-06-01T15:00:00+00:00,0.000000,0
2026-06-01T16:00:00+00:00,0.000000,0
2026-06-01T17:00:00+00:00,0.000000,0
2026-06-01T18:00:00+00:00,0.000000,0
2026-06-01T19:00:00+00:00,0.000000,0
2026-06-01T20:00:00+00:00,0.509033,0
2026-06-01T21:00:00+00:00,0.348022,0
2026-06-01T22:00:00+00:00,0.316040,0
2026-06-01T23:00:00+00:00,1.221924,0
2026-06-02T00:00:00+00:00,0.380981,0
2026-06-02T01:00:00+00:00,0.319092,0
2026-06-02T02:00:00+00:00,0.344971,0
2026-06-02T03:00:00+00:00,0.322021,0
2026-06-02T04:00:00+00:00,0.000000,0
2026-06-02T05:00:00+00:00,0.000000,0
2026-06-02T06:00:00+00:00,0.000000,0
2026-06-02T07:00:00+00:00,0.000000,0
2026-06-02T08:00:00+00:00,0.000000,0
2026-06-02T09:00:00+00:00,0.000000,0
2026-06-02T10:00:00+00:00,0.000000,0
2026-06-02T11:00:00+00:00,0.000000,0
2026-06-02T12:00:00+00:00,0.000000,0
2026-06-02T13:00:00+00:00,0.000000,0
2026-06-02T14:00:00+00:00,0.000000,0
2026-06-02T15:00:00+00:00,0.000000,0
2026-06-02T16:00:00+00:00,0.000000,0
2026-06-02T17:00:00+00:00,0.000000,0
2026-06-02T18:00:00+00:00,0.000000,0
2026-06-02T19:00:00+00:00,0.000000,0
2026-06-02T20:00:00+00:00,2.584961,0
2026-06-02T21:00:00+00:00,1.119019,0
2026-06-02T22:00:00+00:00,0.610962,0
2026-06-02T23:00:00+00:00,0.478027,0
2026-06-03T00:00:00+00:00,0.472149,0
2026-06-03T01:00:00+00:00,0.475944,0
2026-06-03T02:00:00+00:00,0.463057,0
2026-06-03T03:00:00+00:00,0.323199,0
2026-06-03T04:00:00+00:00,0.000000,0
2026-06-03T05:00:00+00:00,0.000000,0
2026-06-03T06:00:00+00:00,0.000000,0
2026-06-03T07:00:00+00:00,0.000000,0
2026-06-03T08:00:00+00:00,0.000000,0
2026-06-03T09:00:00+00:00,0.000000,0
2026-06-03T10:00:00+00:00,0.000000,0
2026-06-03T11:00:00+00:00,0.000000,0
2026-06-03T12:00:00+00:00,0.000000,0
2026-06-03T13:00:00+00:00,0.000000,0
2026-06-03T14:00:00+00:00,0.000000,0
2026-06-03T15:00:00+00:00,0.000000,0
2026-06-03T16:00:00+00:00,0.000000,0
2026-06-03T17:00:00+00:00,0.000000,0
2026-06-03T18:00:00+00:00,0.000000,0
2026-06-03T19:00:00+00:00,0.000000,0
2026-06-03T20:00:00+00:00,0.664582,0
2026-06-03T21:00:00+00:00,0.565361,0
2026-06-03T22:00:00+00:00,0.509623,0
2026-06-03T23:00:00+00:00,0.500690,0
2026-06-04T00:00:00+00:00,0.490999,0
2026-06-04T01:00:00+00:00,0.494946,0
2026-06-04T02:00:00+00:00,0.481544,0
2026-06-04T03:00:00+00:00,0.336103,0
2026-06-04T04:00:00+00:00,0.000000,0
2026-06-04T05:00:00+00:00,0.000000,0
2026-06-04T06:00:00+00:00,0.000000,0
2026-06-04T07:00:00+00:00,0.000000,0
2026-06-04T08:00:00+00:00,0.000000,0
2026-06-04T09:00:00+00:00,0.000000,0
2026-06-04T10:00:00+00:00,0.000000,0
2026-06-04T11:00:00+00:00,0.000000,0
2026-06-04T12:00:00+00:00,0.000000,0
2026-06-04T13:00:00+00:00,0.000000,0
2026-06-04T14:00:00+00:00,0.000000,0
2026-06-04T15:00:00+00:00,0.000000,0
2026-06-04T16:00:00+00:00,0.000000,0
2026-06-04T17:00:00+00:00,0.000000,0
2026-06-04T18:00:00+00:00,0.000000,0
2026-06-04T19:00:00+00:00,0.000000,0
2026-06-04T20:00:00+00:00,0.691115,0
2026-06-04T21:00:00+00:00,0.587933,0
2026-06-04T22:00:00+00:00,0.529970,0
2026-06-04T23:00:00+00:00,0.520680,0
2026-06-05T00:00:00+00:00,0.550312,0
2026-06-05T01:00:00+00:00,0.554735,0
2026-06-05T02:00:00+00:00,0.539715,0
2026-06-05T03:00:00+00:00,0.376704,0
2026-06-05T04:00:00+00:00,0.000000,0
2026-06-05T05:00:00+00:00,0.000000,0
2026-06-05T06:00:00+00:00,0.000000,0
2026-06-05T07:00:00+00:00,0.000000,0
2026-06-05T08:00:00+00:00,0.000000,0
2026-06-05T09:00:00+00:00,0.000000,0
2026-06-05T10:00:00+00:00,0.000000,0
2026-06-05T11:00:00+00:00,0.000000,0
2026-06-05T12:00:00+00:00,0.000000,0
2026-06-05T13:00:00+00:00,0.000000,0
2026-06-05T14:00:00+00:00,0.000000,0
2026-06-05T15:00:00+00:00,0.000000,0
2026-06-05T16:00:00+00:00,0.000000,0
2026-06-05T17:00:00+00:00,0.000000,0
2026-06-05T18:00:00+00:00,0.000000,0
2026-06-05T19:00:00+00:00,0.000000,0
2026-06-05T20:00:00+00:00,0.774602,0
2026-06-05T21:00:00+00:00,0.658955,0
2026-06-05T22:00:00+00:00,0.593990,0
2026-06-05T23:00:00+00:00,0.583577,0
2026-06-06T00:00:00+00:00,0.212036,0
2026-06-06T01:00:00+00:00,0.252930,0
2026-06-06T02:00:00+00:00,0.252075,0
2026-06-06T03:00:00+00:00,0.125000,0
2026-06-06T04:00:00+00:00,0.000000,0
2026-06-06T05:00:00+00:00,0.000000,0
2026-06-06T06:00:00+00:00,0.000000,0
2026-06-06T07:00:00+00:00,0.007935,0
2026-06-06T08:00:00+00:00,0.000000,0
2026-06-06T09:00:00+00:00,0.000000,0
2026-06-06T10:00:00+00:00,0.000000,0
2026-06-06T11:00:00+00:00,0.219971,0
2026-06-06T12:00:00+00:00,0.085083,0
2026-06-06T13:00:00+00:00,0.032959,0
2026-06-06T14:00:00+00:00,0.432983,0
2026-06-06T15:00:00+00:00,0.540039,0
2026-06-06T16:00:00+00:00,0.187988,0
2026-06-06T17:00:00+00:00,0.177979,0
2026-06-06T18:00:00+00:00,0.260010,0
2026-06-06T19:00:00+00:00,0.490967,0
2026-06-06T20:00:00+00:00,0.330078,0
2026-06-06T21:00:00+00:00,0.249023,0
2026-06-06T22:00:00+00:00,0.203979,0
2026-06-06T23:00:00+00:00,0.215942,0
2026-06-07T00:00:00+00:00,0.560785,0
2026-06-07T01:00:00+00:00,0.565293,0
2026-06-07T02:00:00+00:00,0.549987,0
2026-06-07T03:00:00+00:00,0.383873,0
2026-06-07T04:00:00+00:00,0.000000,0
2026-06-07T05:00:00+00:00,0.000000,0
2026-06-07T06:00:00+00:00,0.000000,0
2026-06-07T07:00:00+00:00,0.000000,0
2026-06-07T08:00:00+00:00,0.000000,0
2026-06-07T09:00:00+00:00,0.000000,0
2026-06-07T10:00:00+00:00,0.000000,0
2026-06-07T11:00:00+00:00,0.000000,0
2026-06-07T12:00:00+00:00,0.000000,0
2026-06-07T13:00:00+00:00,0.000000,0
2026-06-07T14:00:00+00:00,0.000000,0
2026-06-07T15:00:00+00:00,0.000000,0
2026-06-07T16:00:00+00:00,0.000000,0
2026-06-07T17:00:00+00:00,0.000000,0
2026-06-07T18:00:00+00:00,0.000000,0
2026-06-07T19:00:00+00:00,0.000000,0
2026-06-07T20:00:00+00:00,0.789344,0
2026-06-07T21:00:00+00:00,0.671496,0
2026-06-07T22:00:00+00:00,0.605295,0
2026-06-07T23:00:00+00:00,0.594684,0
2026-06-08T00:00:00+00:00,0.609049,0
2026-06-08T01:00:00+00:00,0.613945,0
2026-06-08T02:00:00+00:00,0.597321,0
2026-06-08T03:00:00+00:00,0.416911,0
2026-06-08T04:00:00+00:00,0.000000,0
2026-06-08T05:00:00+00:00,0.000000,0
2026-06-08T06:00:00+00:00,0.000000,0
2026-06-08T07:00:00+00:00,0.000000,0
2026-06-08T08:00:00+00:00,0.000000,0
2026-06-08T09:00:00+00:00,0.000000,0
2026-06-08T10:00:00+00:00,0.000000,0
2026-06-08T11:00:00+00:00,0.000000,0
2026-06-08T12:00:00+00:00,0.000000,0
2026-06-08T13:00:00+00:00,0.000000,0
2026-06-08T14:00:00+00:00,0.000000,0
2026-06-08T15:00:00+00:00,0.000000,0
2026-06-08T16:00:00+00:00,0.000000,0
2026-06-08T17:00:00+00:00,0.000000,0
2026-06-08T18:00:00+00:00,0.000000,0
2026-06-08T19:00:00+00:00,0.000000,0
2026-06-08T20:00:00+00:00,0.857279,0
2026-06-08T21:00:00+00:00,0.729289,0
2026-06-08T22:00:00+00:00,0.657390,0
2026-06-08T23:00:00+00:00,0.645866,0
2026-06-09T00:00:00+00:00,0.554936,0
2026-06-09T01:00:00+00:00,0.559396,0
2026-06-09T02:00:00+00:00,0.544250,0
2026-06-09T03:00:00+00:00,0.379869,0
2026-06-09T04:00:00+00:00,0.000000,0
2026-06-09T05:00:00+00:00,0.000000,0
2026-06-09T06:00:00+00:00,0.000000,0
2026-06-09T07:00:00+00:00,0.000000,0
2026-06-09T08:00:00+00:00,0.000000,0
2026-06-09T09:00:00+00:00,0.000000,0
2026-06-09T10:00:00+00:00,0.000000,0
2026-06-09T11:00:00+00:00,0.000000,0
2026-06-09T12:00:00+00:00,0.000000,0
2026-06-09T13:00:00+00:00,0.000000,0
2026-06-09T14:00:00+00:00,0.000000,0
2026-06-09T15:00:00+00:00,0.000000,0
2026-06-09T16:00:00+00:00,0.000000,0
2026-06-09T17:00:00+00:00,0.000000,0
2026-06-09T18:00:00+00:00,0.000000,0
2026-06-09T19:00:00+00:00,0.000000,0
2026-06-09T20:00:00+00:00,0.781110,0
2026-06-09T21:00:00+00:00,0.664492,0
2026-06-09T22:00:00+00:00,0.598981,0
2026-06-09T23:00:00+00:00,0.588481,0
2026-06-10T00:00:00+00:00,0.560002,0
2026-06-10T01:00:00+00:00,0.564503,0
2026-06-10T02:00:00+00:00,0.549218,0
2026-06-10T03:00:00+00:00,0.383337,0
2026-06-10T04:00:00+00:00,0.000000,0
2026-06-10T05:00:00+00:00,0.000000,0
2026-06-10T06:00:00+00:00,0.000000,0
2026-06-10T07:00:00+00:00,0.000000,0
2026-06-10T08:00:00+00:00,0.000000,0
2026-06-10T09:00:00+00:00,0.000000,0
2026-06-10T10:00:00+00:00,0.000000,0
2026-06-10T11:00:00+00:00,0.000000,0
2026-06-10T12:00:00+00:00,0.000000,0
2026-06-10T13:00:00+00:00,0.000000,0
2026-06-10T14:00:00+00:00,0.000000,0
2026-06-10T15:00:00+00:00,0.000000,0
2026-06-10T16:00:00+00:00,0.000000,0
2026-06-10T17:00:00+00:00,0.000000,0
2026-06-10T18:00:00+00:00,0.000000,0
2026-06-10T19:00:00+00:00,0.000000,0
2026-06-10T20:00:00+00:00,0.788241,0
2026-06-10T21:00:00+00:00,0.670558,0
2026-06-10T22:00:00+00:00,0.604449,0
2026-06-10T23:00:00+00:00,0.593853,0
2026-06-11T00:00:00+00:00,0.202026,0
2026-06-11T01:00:00+00:00,0.223022,0
2026-06-11T02:00:00+00:00,0.240967,0
2026-06-11T03:00:00+00:00,0.134033,0
2026-06-11T04:00:00+00:00,0.000000,0
2026-06-11T05:00:00+00:00,0.000000,0
2026-06-11T06:00:00+00:00,0.000000,0
2026-06-11T07:00:00+00:00,0.000000,0
2026-06-11T08:00:00+00:00,0.000000,0
2026-06-11T09:00:00+00:00,0.000000,0
2026-06-11T10:00:00+00:00,0.000000,0
2026-06-11T11:00:00+00:00,0.000000,0
2026-06-11T12:00:00+00:00,0.000000,0
2026-06-11T13:00:00+00:00,0.000000,0
2026-06-11T14:00:00+00:00,0.000000,0
2026-06-11T15:00:00+00:00,0.000000,0
2026-06-11T16:00:00+00:00,0.000000,0
2026-06-11T17:00:00+00:00,0.000000,0
2026-06-11T18:00:00+00:00,0.000000,0
2026-06-11T19:00:00+00:00,0.000000,0
2026-06-11T20:00:00+00:00,0.389893,0
2026-06-11T21:00:00+00:00,0.343018,0
2026-06-11T22:00:00+00:00,0.273071,0
2026-06-11T23:00:00+00:00,0.221924,0
2026-06-12T00:00:00+00:00,0.654850,0
2026-06-12T01:00:00+00:00,0.660114,0
2026-06-12T02:00:00+00:00,0.642240,0
2026-06-12T03:00:00+00:00,0.448263,0
2026-06-12T04:00:00+00:00,0.000000,0
2026-06-12T05:00:00+00:00,0.000000,0
2026-06-12T06:00:00+00:00,0.000000,0
2026-06-12T07:00:00+00:00,0.000000,0
2026-06-12T08:00:00+00:00,0.000000,0
2026-06-12T09:00:00+00:00,0.000000,0
2026-06-12T10:00:00+00:00,0.000000,0
2026-06-12T11:00:00+00:00,0.000000,0
2026-06-12T12:00:00+00:00,0.000000,0
2026-06-12T13:00:00+00:00,0.000000,0
2026-06-12T14:00:00+00:00,0.000000,0
2026-06-12T15:00:00+00:00,0.000000,0
2026-06-12T16:00:00+00:00,0.000000,0
2026-06-12T17:00:00+00:00,0.000000,0
2026-06-12T18:00:00+00:00,0.000000,0
2026-06-12T19:00:00+00:00,0.000000,0
2026-06-12T20:00:00+00:00,0.921747,0
2026-06-12T21:00:00+00:00,0.784132,0
2026-06-12T22:00:00+00:00,0.706826,0
2026-06-12T23:00:00+00:00,0.694435,0
2026-06-13T00:00:00+00:00,0.492029,0
2026-06-13T01:00:00+00:00,0.495984,0
2026-06-13T02:00:00+00:00,0.482554,0
2026-06-13T03:00:00+00:00,0.336808,0
2026-06-13T04:00:00+00:00,0.000000,0
2026-06-13T05:00:00+00:00,0.000000,0
2026-06-13T06:00:00+00:00,0.000000,0
2026-06-13T07:00:00+00:00,0.000000,0
2026-06-13T08:00:00+00:00,0.000000,0
2026-06-13T09:00:00+00:00,0.000000,0
2026-06-13T10:00:00+00:00,0.000000,0
2026-06-13T11:00:00+00:00,0.000000,0
2026-06-13T12:00:00+00:00,0.000000,0
2026-06-13T13:00:00+00:00,0.000000,0
2026-06-13T14:00:00+00:00,0.000000,0
2026-06-13T15:00:00+00:00,0.000000,0
2026-06-13T16:00:00+00:00,0.000000,0
2026-06-13T17:00:00+00:00,0.000000,0
2026-06-13T18:00:00+00:00,0.000000,0
2026-06-13T19:00:00+00:00,0.000000,0
2026-06-13T20:00:00+00:00,0.692565,0
2026-06-13T21:00:00+00:00,0.589166,0
2026-06-13T22:00:00+00:00,0.531082,0
2026-06-13T23:00:00+00:00,0.521772,0
2026-06-14T00:00:00+00:00,0.203003,0
2026-06-14T01:00:00+00:00,0.213989,0
2026-06-14T02:00:00+00:00,0.186035,0
2026-06-14T03:00:00+00:00,0.048950,0
2026-06-14T04:00:00+00:00,0.099976,0
2026-06-14T05:00:00+00:00,0.015015,0
2026-06-14T06:00:00+00:00,0.000000,0
2026-06-14T07:00:00+00:00,0.000000,0
2026-06-14T08:00:00+00:00,0.000000,0
2026-06-14T09:00:00+00:00,0.317017,0
2026-06-14T10:00:00+00:00,0.498047,0
2026-06-14T11:00:00+00:00,0.113892,0
2026-06-14T12:00:00+00:00,0.000000,0
2026-06-14T13:00:00+00:00,0.000000,0
2026-06-14T14:00:00+00:00,0.000000,0
2026-06-14T15:00:00+00:00,0.000000,0
2026-06-14T16:00:00+00:00,0.009033,0
2026-06-14T17:00:00+00:00,0.208008,0
2026-06-14T18:00:00+00:00,0.580078,0
2026-06-14T19:00:00+00:00,0.583984,0
2026-06-14T20:00:00+00:00,0.588989,0
2026-06-14T21:00:00+00:00,0.588989,0
2026-06-14T22:00:00+00:00,0.569946,0
2026-06-14T23:00:00+00:00,0.224976,0
2026-06-15T00:00:00+00:00,0.209106,0
2026-06-15T01:00:00+00:00,0.208984,0
2026-06-15T02:00:00+00:00,0.209961,0
2026-06-15T03:00:00+00:00,0.204956,0
2026-06-15T04:00:00+00:00,0.000000,0
2026-06-15T05:00:00+00:00,0.000000,0
2026-06-15T06:00:00+00:00,0.000000,0
2026-06-15T07:00:00+00:00,0.000000,0
2026-06-15T08:00:00+00:00,0.000000,0
2026-06-15T09:00:00+00:00,0.000000,0
2026-06-15T10:00:00+00:00,0.000000,0
2026-06-15T11:00:00+00:00,0.000000,0
2026-06-15T12:00:00+00:00,0.000000,0
2026-06-15T13:00:00+00:00,0.000000,0
2026-06-15T14:00:00+00:00,0.000000,0
2026-06-15T15:00:00+00:00,0.000000,0
2026-06-15T16:00:00+00:00,0.000000,0
2026-06-15T17:00:00+00:00,0.000000,0
2026-06-15T18:00:00+00:00,0.000000,0
2026-06-15T19:00:00+00:00,0.000000,0
2026-06-15T20:00:00+00:00,0.541016,0
2026-06-15T21:00:00+00:00,0.520020,0
2026-06-15T22:00:00+00:00,0.358032,0
2026-06-15T23:00:00+00:00,0.261963,0
2026-06-16T00:00:00+00:00,0.203979,0
2026-06-16T01:00:00+00:00,0.199097,0
2026-06-16T02:00:00+00:00,0.206909,0
2026-06-16T03:00:00+00:00,0.151001,0
2026-06-16T04:00:00+00:00,0.000000,0
2026-06-16T05:00:00+00:00,0.000000,0
2026-06-16T06:00:00+00:00,0.000000,0
2026-06-16T07:00:00+00:00,0.000000,0
2026-06-16T08:00:00+00:00,0.000000,0
2026-06-16T09:00:00+00:00,0.000000,0
2026-06-16T10:00:00+00:00,0.000000,0
2026-06-16T11:00:00+00:00,0.000000,0
2026-06-16T12:00:00+00:00,0.000000,0
2026-06-16T13:00:00+00:00,0.000000,0
2026-06-16T14:00:00+00:00,0.000000,0
2026-06-16T15:00:00+00:00,0.000000,0
2026-06-16T16:00:00+00:00,0.000000,0
2026-06-16T17:00:00+00:00,0.000000,0
2026-06-16T18:00:00+00:00,0.000000,0
2026-06-16T19:00:00+00:00,0.000000,0
2026-06-16T20:00:00+00:00,0.760010,0
2026-06-16T21:00:00+00:00,0.744019,0
2026-06-16T22:00:00+00:00,0.590942,0
2026-06-16T23:00:00+00:00,0.508057,0
2026-06-17T00:00:00+00:00,0.477051,0
2026-06-17T01:00:00+00:00,0.399902,0
2026-06-17T02:00:00+00:00,0.436035,0
2026-06-17T03:00:00+00:00,0.422974,0
2026-06-17T04:00:00+00:00,0.000000,0
2026-06-17T05:00:00+00:00,0.000000,0
2026-06-17T06:00:00+00:00,0.000000,0
2026-06-17T07:00:00+00:00,0.000000,0
2026-06-17T08:00:00+00:00,0.000000,0
2026-06-17T09:00:00+00:00,0.000000,0
2026-06-17T10:00:00+00:00,0.000000,0
2026-06-17T11:00:00+00:00,0.000000,0
2026-06-17T12:00:00+00:00,0.000000,0
2026-06-17T13:00:00+00:00,0.000000,0
2026-06-17T14:00:00+00:00,0.000000,0
2026-06-17T15:00:00+00:00,0.000000,0
2026-06-17T16:00:00+00:00,0.000000,0
2026-06-17T17:00:00+00:00,0.000000,0
2026-06-17T18:00:00+00:00,0.000000,0
2026-06-17T19:00:00+00:00,0.000000,0
2026-06-17T20:00:00+00:00,0.908081,0
2026-06-17T21:00:00+00:00,0.689941,0
2026-06-17T22:00:00+00:00,0.374023,0
2026-06-17T23:00:00+00:00,0.370972,0
2026-06-18T00:00:00+00:00,0.356079,0
2026-06-18T01:00:00+00:00,0.363892,0
2026-06-18T02:00:00+00:00,0.402100,0
2026-06-18T03:00:00+00:00,0.241943,0
2026-06-18T04:00:00+00:00,0.000000,0
2026-06-18T05:00:00+00:00,0.000000,0
2026-06-18T06:00:00+00:00,0.000000,0
2026-06-18T07:00:00+00:00,0.000000,0
2026-06-18T08:00:00+00:00,0.000000,0
2026-06-18T09:00:00+00:00,0.000000,0
2026-06-18T10:00:00+00:00,0.000000,0
2026-06-18T11:00:00+00:00,0.000000,0
2026-06-18T12:00:00+00:00,0.000000,0
2026-06-18T13:00:00+00:00,0.000000,0
2026-06-18T14:00:00+00:00,0.000000,0
2026-06-18T15:00:00+00:00,0.000000,0
2026-06-18T16:00:00+00:00,0.000000,0
2026-06-18T17:00:00+00:00,0.000000,0
2026-06-18T18:00:00+00:00,0.000000,0
2026-06-18T19:00:00+00:00,0.000000,0
2026-06-18T20:00:00+00:00,0.776978,0
2026-06-18T21:00:00+00:00,0.509033,0
2026-06-18T22:00:00+00:00,0.381958,0
2026-06-18T23:00:00+00:00,0.394043,0
2026-06-19T00:00:00+00:00,0.381958,0
2026-06-19T01:00:00+00:00,0.431030,0
2026-06-19T02:00:00+00:00,0.437988,0
2026-06-19T03:00:00+00:00,0.299072,0
2026-06-19T04:00:00+00:00,0.000000,0
2026-06-19T05:00:00+00:00,0.000000,0
2026-06-19T06:00:00+00:00,0.000000,0
2026-06-19T07:00:00+00:00,0.000000,0
2026-06-19T08:00:00+00:00,0.000000,0
2026-06-19T09:00:00+00:00,0.000000,0
2026-06-19T10:00:00+00:00,0.000000,0
2026-06-19T11:00:00+00:00,0.000000,0
2026-06-19T12:00:00+00:00,0.000000,0
2026-06-19T13:00:00+00:00,0.000000,0
2026-06-19T14:00:00+00:00,0.000000,0
2026-06-19T15:00:00+00:00,0.000000,0
2026-06-19T16:00:00+00:00,0.000000,0
2026-06-19T17:00:00+00:00,0.000000,0
2026-06-19T18:00:00+00:00,0.000000,0
2026-06-19T19:00:00+00:00,0.000000,0
2026-06-19T20:00:00+00:00,0.745972,0
2026-06-19T21:00:00+00:00,0.729004,0
2026-06-19T22:00:00+00:00,0.391968,0
2026-06-19T23:00:00+00:00,0.407959,0
2026-06-20T00:00:00+00:00,0.441040,0
2026-06-20T01:00:00+00:00,0.402954,0
2026-06-20T02:00:00+00:00,0.385010,0
2026-06-20T03:00:00+00:00,0.213989,0
2026-06-20T04:00:00+00:00,0.064087,0
2026-06-20T05:00:00+00:00,0.427979,0
2026-06-20T06:00:00+00:00,0.000000,0
2026-06-20T07:00:00+00:00,0.000000,0
2026-06-20T08:00:00+00:00,0.000000,0
2026-06-20T09:00:00+00:00,0.000000,0
2026-06-20T10:00:00+00:00,0.000000,0
2026-06-20T11:00:00+00:00,0.000000,0
2026-06-20T12:00:00+00:00,0.000000,0
2026-06-20T13:00:00+00:00,0.000000,0
2026-06-20T14:00:00+00:00,0.043945,0
2026-06-20T15:00:00+00:00,0.045044,0
2026-06-20T16:00:00+00:00,0.250000,0
2026-06-20T17:00:00+00:00,0.561035,0
2026-06-20T18:00:00+00:00,0.411987,0
2026-06-20T19:00:00+00:00,0.791016,0
2026-06-20T20:00:00+00:00,0.388916,0
2026-06-20T21:00:00+00:00,0.430054,0
2026-06-20T22:00:00+00:00,0.399048,0
2026-06-20T23:00:00+00:00,0.401978,0
2026-06-21T00:00:00+00:00,0.442017,0
2026-06-21T01:00:00+00:00,0.432007,0
2026-06-21T02:00:00+00:00,0.433960,0
2026-06-21T03:00:00+00:00,0.371948,0
2026-06-21T04:00:00+00:00,0.112061,0
2026-06-21T05:00:00+00:00,0.335938,0
2026-06-21T06:00:00+00:00,0.000977,0
2026-06-21T07:00:00+00:00,0.000000,0
2026-06-21T08:00:00+00:00,0.000000,0
2026-06-21T09:00:00+00:00,0.000000,0
2026-06-21T10:00:00+00:00,0.012085,0
2026-06-21T11:00:00+00:00,0.000000,0
2026-06-21T12:00:00+00:00,0.000000,0
2026-06-21T13:00:00+00:00,0.000000,0
2026-06-21T14:00:00+00:00,0.000977,0
2026-06-21T15:00:00+00:00,0.029053,0
2026-06-21T16:00:00+00:00,0.427979,0
2026-06-21T17:00:00+00:00,1.078979,0
2026-06-21T18:00:00+00:00,0.958984,0
2026-06-21T19:00:00+00:00,0.925049,0
2026-06-21T20:00:00+00:00,0.802979,0
2026-06-21T21:00:00+00:00,0.473022,0
2026-06-21T22:00:00+00:00,0.392944,0
2026-06-21T23:00:00+00:00,0.383057,0
2026-06-22T00:00:00+00:00,0.389893,0
2026-06-22T01:00:00+00:00,0.385010,0
2026-06-22T02:00:00+00:00,0.421997,0
2026-06-22T03:00:00+00:00,0.299072,0
2026-06-22T04:00:00+00:00,0.000000,0
2026-06-22T05:00:00+00:00,0.000000,0
2026-06-22T06:00:00+00:00,0.000000,0
2026-06-22T07:00:00+00:00,0.000000,0
2026-06-22T08:00:00+00:00,0.000000,0
2026-06-22T09:00:00+00:00,0.000000,0
2026-06-22T10:00:00+00:00,0.000000,0
2026-06-22T11:00:00+00:00,0.000000,0
2026-06-22T12:00:00+00:00,0.000000,0
2026-06-22T13:00:00+00:00,0.000000,0
2026-06-22T14:00:00+00:00,0.000000,0
2026-06-22T15:00:00+00:00,0.000000,0
2026-06-22T16:00:00+00:00,0.000000,0
2026-06-22T17:00:00+00:00,0.000000,0
2026-06-22T18:00:00+00:00,0.000000,0
2026-06-22T19:00:00+00:00,0.000000,0
2026-06-22T20:00:00+00:00,0.708984,0
2026-06-22T21:00:00+00:00,0.620972,0
2026-06-22T22:00:00+00:00,0.463013,0
2026-06-22T23:00:00+00:00,0.405029,0
2026-06-23T00:00:00+00:00,0.391968,0
2026-06-23T01:00:00+00:00,0.385010,0
2026-06-23T02:00:00+00:00,0.494019,0
2026-06-23T03:00:00+00:00,0.359009,0
2026-06-23T04:00:00+00:00,0.000000,0
2026-06-23T05:00:00+00:00,0.000000,0
2026-06-23T06:00:00+00:00,0.000000,0
2026-06-23T07:00:00+00:00,0.000000,0
2026-06-23T08:00:00+00:00,0.000000,0
2026-06-23T09:00:00+00:00,0.000000,0
2026-06-23T10:00:00+00:00,0.000000,0
2026-06-23T11:00:00+00:00,0.000000,0
2026-06-23T12:00:00+00:00,0.000000,0
2026-06-23T13:00:00+00:00,0.000000,0
2026-06-23T14:00:00+00:00,0.000000,0
2026-06-23T15:00:00+00:00,0.000000,0
2026-06-23T16:00:00+00:00,0.000000,0
2026-06-23T17:00:00+00:00,0.000000,0
2026-06-23T18:00:00+00:00,0.000000,0
2026-06-23T19:00:00+00:00,0.000000,0
2026-06-23T20:00:00+00:00,1.026001,0
2026-06-23T21:00:00+00:00,0.470947,0
2026-06-23T22:00:00+00:00,1.045044,0
2026-06-23T23:00:00+00:00,1.463989,0
2026-06-24T00:00:00+00:00,0.387939,0
2026-06-24T01:00:00+00:00,0.386108,0
2026-06-24T02:00:00+00:00,0.383911,0
2026-06-24T03:00:00+00:00,0.286011,0
2026-06-24T04:00:00+00:00,0.000000,0
2026-06-24T05:00:00+00:00,0.000000,0
2026-06-24T06:00:00+00:00,0.000000,0
2026-06-24T07:00:00+00:00,0.000000,0
2026-06-24T08:00:00+00:00,0.000000,0
2026-06-24T09:00:00+00:00,0.000000,0
2026-06-24T10:00:00+00:00,0.000000,0
2026-06-24T11:00:00+00:00,0.000000,0
2026-06-24T12:00:00+00:00,0.000000,0
2026-06-24T13:00:00+00:00,0.000000,0
2026-06-24T14:00:00+00:00,0.000000,0
2026-06-24T15:00:00+00:00,0.000000,0
2026-06-24T16:00:00+00:00,0.000000,0
2026-06-24T17:00:00+00:00,0.000000,0
2026-06-24T18:00:00+00:00,0.000000,0
2026-06-24T19:00:00+00:00,0.000000,0
2026-06-24T20:00:00+00:00,0.707031,0
2026-06-24T21:00:00+00:00,0.683960,0
2026-06-24T22:00:00+00:00,0.981079,0
2026-06-24T23:00:00+00:00,0.755005,0
2026-06-25T00:00:00+00:00,0.497925,0
2026-06-25T01:00:00+00:00,1.291016,0
2026-06-25T02:00:00+00:00,1.250000,0
2026-06-25T03:00:00+00:00,0.660034,0
2026-06-25T04:00:00+00:00,0.000977,0
2026-06-25T05:00:00+00:00,0.000000,0
2026-06-25T06:00:00+00:00,0.000000,0
2026-06-25T07:00:00+00:00,0.000000,0
2026-06-25T08:00:00+00:00,0.000000,0
2026-06-25T09:00:00+00:00,0.000000,0
2026-06-25T10:00:00+00:00,0.000000,0
2026-06-25T11:00:00+00:00,0.000000,0
2026-06-25T12:00:00+00:00,0.000000,0
2026-06-25T13:00:00+00:00,0.000000,0
2026-06-25T14:00:00+00:00,0.000000,0
2026-06-25T15:00:00+00:00,0.000000,0
2026-06-25T16:00:00+00:00,0.000000,0
2026-06-25T17:00:00+00:00,0.000000,0
2026-06-25T18:00:00+00:00,0.000000,0
2026-06-25T19:00:00+00:00,0.000000,0
2026-06-25T20:00:00+00:00,1.215942,0
2026-06-25T21:00:00+00:00,0.740112,0
2026-06-25T22:00:00+00:00,0.844971,0
2026-06-25T23:00:00+00:00,1.879028,0
2026-06-26T00:00:00+00:00,2.090942,0
2026-06-26T01:00:00+00:00,0.732056,0
2026-06-26T02:00:00+00:00,0.309937,0
2026-06-26T03:00:00+00:00,0.786011,0
2026-06-26T04:00:00+00:00,0.000977,0
2026-06-26T05:00:00+00:00,0.000000,0
2026-06-26T06:00:00+00:00,0.000000,0
2026-06-26T07:00:00+00:00,0.000000,0
2026-06-26T08:00:00+00:00,0.000000,0
2026-06-26T09:00:00+00:00,0.000000,0
2026-06-26T10:00:00+00:00,0.000000,0
2026-06-26T11:00:00+00:00,0.000000,0
2026-06-26T12:00:00+00:00,0.000000,0
2026-06-26T13:00:00+00:00,0.000000,0
2026-06-26T14:00:00+00:00,0.000000,0
2026-06-26T15:00:00+00:00,0.000000,0
2026-06-26T16:00:00+00:00,0.000000,0
2026-06-26T17:00:00+00:00,0.000000,0
2026-06-26T18:00:00+00:00,0.000000,0
2026-06-26T19:00:00+00:00,0.000000,0
2026-06-26T20:00:00+00:00,0.852051,0
2026-06-26T21:00:00+00:00,0.792969,0
2026-06-26T22:00:00+00:00,0.536987,0
2026-06-26T23:00:00+00:00,0.666016,0
2026-06-27T00:00:00+00:00,0.727051,0
2026-06-27T01:00:00+00:00,0.537964,0
2026-06-27T02:00:00+00:00,0.649048,0
2026-06-27T03:00:00+00:00,1.272949,0
2026-06-27T04:00:00+00:00,0.275024,0
2026-06-27T05:00:00+00:00,0.000000,0
2026-06-27T06:00:00+00:00,0.000000,0
2026-06-27T07:00:00+00:00,0.000000,0
2026-06-27T08:00:00+00:00,0.000977,0
2026-06-27T09:00:00+00:00,0.127930,0
2026-06-27T10:00:00+00:00,0.004028,0
2026-06-27T11:00:00+00:00,0.070068,0
2026-06-27T12:00:00+00:00,0.000977,0
2026-06-27T13:00:00+00:00,0.000000,0
2026-06-27T14:00:00+00:00,0.106934,0
2026-06-27T15:00:00+00:00,0.103027,0
2026-06-27T16:00:00+00:00,0.213989,0
2026-06-27T17:00:00+00:00,0.650024,0
2026-06-27T18:00:00+00:00,0.525024,0
2026-06-27T19:00:00+00:00,0.651001,0
2026-06-27T20:00:00+00:00,0.458008,0
2026-06-27T21:00:00+00:00,0.391968,0
2026-06-27T22:00:00+00:00,0.936035,0
2026-06-27T23:00:00+00:00,0.380005,0
2026-06-28T00:00:00+00:00,0.379028,0
2026-06-28T01:00:00+00:00,0.384888,0
2026-06-28T02:00:00+00:00,0.384033,0
2026-06-28T03:00:00+00:00,0.358032,0
2026-06-28T04:00:00+00:00,0.020020,0
2026-06-28T05:00:00+00:00,0.521973,0
2026-06-28T06:00:00+00:00,0.001953,0
2026-06-28T07:00:00+00:00,0.006104,0
2026-06-28T08:00:00+00:00,0.005981,0
2026-06-28T09:00:00+00:00,0.000977,0
2026-06-28T10:00:00+00:00,0.182007,0
2026-06-28T11:00:00+00:00,0.013916,0
2026-06-28T12:00:00+00:00,0.000000,0
2026-06-28T13:00:00+00:00,0.000000,0
2026-06-28T14:00:00+00:00,0.005005,0
2026-06-28T15:00:00+00:00,0.017090,0
2026-06-28T16:00:00+00:00,0.255981,0
2026-06-28T17:00:00+00:00,0.479980,0
2026-06-28T18:00:00+00:00,0.691040,0
2026-06-28T19:00:00+00:00,0.554932,0
2026-06-28T20:00:00+00:00,0.398071,0
2026-06-28T21:00:00+00:00,0.385010,0
2026-06-28T22:00:00+00:00,0.386963,0
2026-06-28T23:00:00+00:00,0.380005,0
2026-06-29T00:00:00+00:00,0.372925,0
2026-06-29T01:00:00+00:00,0.381104,0
2026-06-29T02:00:00+00:00,0.375977,0
2026-06-29T03:00:00+00:00,0.376953,0
2026-06-29T04:00:00+00:00,0.000000,0
2026-06-29T05:00:00+00:00,0.000000,0
2026-06-29T06:00:00+00:00,0.000000,0
2026-06-29T07:00:00+00:00,0.000000,0
2026-06-29T08:00:00+00:00,0.000000,0
2026-06-29T09:00:00+00:00,0.000000,0
2026-06-29T10:00:00+00:00,0.000000,0
2026-06-29T11:00:00+00:00,0.000000,0
2026-06-29T12:00:00+00:00,0.000000,0
2026-06-29T13:00:00+00:00,0.000000,0
2026-06-29T14:00:00+00:00,0.000000,0
2026-06-29T15:00:00+00:00,0.000000,0
2026-06-29T16:00:00+00:00,0.000000,0
2026-06-29T17:00:00+00:00,0.000000,0
2026-06-29T18:00:00+00:00,0.000000,0
2026-06-29T19:00:00+00:00,0.000000,0
2026-06-29T20:00:00+00:00,0.406006,0
2026-06-29T21:00:00+00:00,0.385010,0
2026-06-29T22:00:00+00:00,0.395996,0
2026-06-29T23:00:00+00:00,0.390015,0
2026-06-30T00:00:00+00:00,0.386963,0
2026-06-30T01:00:00+00:00,0.388062,0
2026-06-30T02:00:00+00:00,0.412964,0
2026-06-30T03:00:00+00:00,0.187988,0
2026-06-30T04:00:00+00:00,0.000000,0
2026-06-30T05:00:00+00:00,0.000000,0
2026-06-30T06:00:00+00:00,0.000000,0
2026-06-30T07:00:00+00:00,0.000000,0
2026-06-30T08:00:00+00:00,0.000000,0
2026-06-30T09:00:00+00:00,0.000000,0
2026-06-30T10:00:00+00:00,0.000000,0
2026-06-30T11:00:00+00:00,0.000000,0
2026-06-30T12:00:00+00:00,0.000000,0
2026-06-30T13:00:00+00:00,0.000000,0
2026-06-30T14:00:00+00:00,0.000000,0
2026-06-30T15:00:00+00:00,0.000000,0
2026-06-30T16:00:00+00:00,0.000000,0
2026-06-30T17:00:00+00:00,0.000000,0
2026-06-30T18:00:00+00:00,0.000000,0
2026-06-30T19:00:00+00:00,0.000000,0
2026-06-30T20:00:00+00:00,0.401978,0
2026-06-30T21:00:00+00:00,0.387085,0
2026-06-30T22:00:00+00:00,0.392944,0
2026-06-30T23:00:00+00:00,1.325073,0
